,lower Unemployment rate,lower Employment to population ratio,lower Number of employed people,lower Monthly goods exports,lower Monthly goods imports,lower Export price index,lower Import price index,lower Producer price index,lower Consumer price index,lower Price index excluding agricultural product & oil,lower Price index excluding food & energy,lower Consumption & Retail sales index(SA),lower Service industry production index(SA),lower Consumption & Retail sales index(NSA),lower Service industry production index(NSA),lower Manufacturing industry production index(SA),lower Manufacturing industry shipment index(SA),lower Manufacturing inventory index(SA),lower Manufacturing industry production index(NSA),lower Manufacturing industry shipment index(NSA),lower Manufacturing inventory index(NSA),lower Facility investment index(SA),lower Construction completed(SA),lower Facility investment index(NSA),lower Construction completed(NSA),lower Manufacturing business performance BSI(SA),lower Manufacturing business performance BSI(NSA),lower All industries performance BSI,lower Service industry performance BSI,lower All industries sales BSI,lower Manufacturing export BSI,lower Manufacturing domestic demand sales BSI,lower Manufacturing new orders BSI,lower Manufacturing operation rate BSI,lower Economic sentiment index,lower Current economic judgment CSI,lower Consumer sentiment index,lower Consolidated fiscal balance,lower Housing sales price index(HSPI)-Seoul,lower Housing sales price index(HSPI)-National,lower Housing lease price index(HLPI)-Seoul,lower Housing lease price index(HLPI)-National,lower Call rate,lower CD rate,lower KTB 3-year rate,lower KRW exchange rate,lower EUR exchange rate,lower KOSPI,lower KOSDAQ,lower Dubai crude oil,lower WTI futures,lower Gold futures,lower GDP(SA)(Q),lower GDP(NSA)(Q),lower Private consumption(SA)(Q),lower Government consumption(SA)(Q),lower Construction(SA)(Q),lower Facility investment(SA)(Q),lower Exports of goods and services(SA)(Q),lower Imports of goods and services(SA)(Q),lower Private consumption(NSA)(Q),lower Government consumption(NSA)(Q),lower Construction(NSA)(Q),lower Facility investment(NSA)(Q),lower Exports of goods and services(NSA)(Q),lower Imports of goods and services(NSA)(Q),upper Unemployment rate,upper Employment to population ratio,upper Number of employed people,upper Monthly goods exports,upper Monthly goods imports,upper Export price index,upper Import price index,upper Producer price index,upper Consumer price index,upper Price index excluding agricultural product & oil,upper Price index excluding food & energy,upper Consumption & Retail sales index(SA),upper Service industry production index(SA),upper Consumption & Retail sales index(NSA),upper Service industry production index(NSA),upper Manufacturing industry production index(SA),upper Manufacturing industry shipment index(SA),upper Manufacturing inventory index(SA),upper Manufacturing industry production index(NSA),upper Manufacturing industry shipment index(NSA),upper Manufacturing inventory index(NSA),upper Facility investment index(SA),upper Construction completed(SA),upper Facility investment index(NSA),upper Construction completed(NSA),upper Manufacturing business performance BSI(SA),upper Manufacturing business performance BSI(NSA),upper All industries performance BSI,upper Service industry performance BSI,upper All industries sales BSI,upper Manufacturing export BSI,upper Manufacturing domestic demand sales BSI,upper Manufacturing new orders BSI,upper Manufacturing operation rate BSI,upper Economic sentiment index,upper Current economic judgment CSI,upper Consumer sentiment index,upper Consolidated fiscal balance,upper Housing sales price index(HSPI)-Seoul,upper Housing sales price index(HSPI)-National,upper Housing lease price index(HLPI)-Seoul,upper Housing lease price index(HLPI)-National,upper Call rate,upper CD rate,upper KTB 3-year rate,upper KRW exchange rate,upper EUR exchange rate,upper KOSPI,upper KOSDAQ,upper Dubai crude oil,upper WTI futures,upper Gold futures,upper GDP(SA)(Q),upper GDP(NSA)(Q),upper Private consumption(SA)(Q),upper Government consumption(SA)(Q),upper Construction(SA)(Q),upper Facility investment(SA)(Q),upper Exports of goods and services(SA)(Q),upper Imports of goods and services(SA)(Q),upper Private consumption(NSA)(Q),upper Government consumption(NSA)(Q),upper Construction(NSA)(Q),upper Facility investment(NSA)(Q),upper Exports of goods and services(NSA)(Q),upper Imports of goods and services(NSA)(Q)
2019-01,-8.38566997225921,-0.4064560410574142,-0.3026575670341031,-8.99162778345245,-9.517660509609259,-4.228797323151866,-5.0980447289822814,-1.0086551423420365,-0.45188209922913725,-0.20020377943533546,-0.1697135193812081,-3.3321027896843307,-1.7890452500827208,-3.05316901017859,-1.1703481935880753,-4.540815310985555,-3.4914775125425126,-3.2841699046323103,-8.18730801096984,-8.053346662509878,-4.117969777308105,-8.858541145492113,-8.57973724294879,-22.17117281391066,-17.65811035302559,-6.852658055973514,-44.60147404823748,-4.775049248144697,-7.471812571704662,-4.449526261369413,-6.205875155245876,-5.9032542395271275,-6.313007313193471,-6.21350017233644,-5.945559106637574,-16.404974036455943,-6.834286675759693,-1.0253096039246834,-0.689825921356372,-0.4657648264180564,-0.633565251311007,-0.5591579900021377,-4.414368456814474,-5.283994873263894,-10.340475216704792,-4.639630366485925,-4.474389694714795,-8.037529602766535,-9.85103956017478,-17.98116896073944,-0.1289315276536684,-6.822123229583302,-0.3304317881250971,1.7629076281411789,-0.07558161219949588,0.9096693704346022,-3.9670271877969263,-4.493445037652566,-3.6877939188741906,-4.25533284694443,1.7680644610697334,6.043229947394205,-6.696472813072329,-9.551878402015785,3.191758750967652,-2.126370270009341,11.843279125761176,0.5311271208412015,0.6457474163489068,11.735368140899261,11.607493596907714,2.7624678438512116,3.398486330372461,0.8300941502714975,0.5140462119724343,0.41828222936984866,0.39906112586360637,3.712252478933507,1.8280641852985735,8.628377671255397,4.8539680592392855,4.311382722008342,4.229999054469875,3.600773933821548,12.725606644188524,10.217646273007663,14.766845089062212,8.463295975688775,7.022806647859574,9.420561685444161,5.6258005025752915,6.948905841409564,30.568496501092696,6.95514458644926,6.770516563715459,5.593325424399576,6.880550487973079,7.463948888279759,5.713016028523762,6.225562196841148,5.697034143634077,20.041516139631145,7.644656442280984,0.9347869257079592,1.1356099345563488,0.7608950604904628,0.7787332851546569,0.5762793209170634,12.738246711253327,10.580481323636217,8.12163097868201,4.548973713096554,3.9535590605388533,8.641589269059262,10.640482355228354,13.515760045837943,0.0885359555733352,8.265621466307442,1.4821027679209473,3.979371796207291,1.3821559292435655,3.4416499852560163,3.6406324196181172,7.137253411578276,4.538907699266009,5.570862080870231,3.0107100887114813,8.032789318184856,-2.3256547051384073,-1.9297241935304785,9.335782377518829,6.9428888010957
2019-02,-12.944454069059915,-0.5198757235957367,-0.4200248775265789,-13.752420978890397,-12.90000063304435,-4.052069780986237,-4.508020384442114,-1.0041923578091525,-0.4283762083785256,-0.1860042990127717,-0.14597302789475214,-4.085647986276684,-1.7955860217818875,-3.3090654143885523,-1.0330837255584937,-4.773822329682645,-4.914390285805201,-3.04141931825782,-8.261813061515273,-7.887408468417117,-4.401790472013628,-10.229723651487502,-9.33169632170621,-25.08375875746903,-19.119990326316067,-5.734479553574904,-43.59780263912026,-5.42566184925823,-6.684916640161918,-6.03962152655727,-7.467832003550906,-7.910541684897462,-6.387620427847117,-6.845875478048873,-4.818195574094611,-16.413543313479856,-6.985189702627185,-0.6956829497731152,-0.8609641653985655,-0.5334064749441203,-0.767342020871233,-0.607696480261682,-9.770230776313728,-9.458437816813825,-10.361367681705149,-4.302085929062668,-4.331918118451988,-8.03250286267038,-10.55705272278792,-15.74771150796924,-0.11444389489037705,-6.933965362505228,-0.17389387058391903,1.4330691125827066,-0.20406450087805772,0.4451334533132085,-2.8787323662573963,-4.015565931864872,-4.868774188075625,-3.9885760495947653,1.5493350356450513,5.150591530019445,-6.633136871207828,-12.449393223026705,0.37230920974069637,-2.7447965504181218,7.284503522768092,0.4177161993012557,0.5283940218647322,6.980889155816746,8.232511418856348,2.9397090029754227,3.988695354907866,0.8345413938623323,0.5375782421930098,0.43247934317010617,0.42280270172512685,2.9589744165250007,1.8217925739373086,8.373927939642572,4.9947158772658815,4.080226842710726,2.809233501239812,3.8435182294816737,12.652788844610868,10.38733481903779,14.482093869799117,7.099142358883304,6.270971648325091,6.535745238127657,4.218154090803176,8.066508443147152,31.575103721409544,6.303973313791445,7.557212644864432,4.002912553875878,5.6187685166453685,5.456307257742155,5.6380910336771874,5.592877363998655,6.823505527504169,20.03261045053069,7.493600447774243,1.264460751199787,0.9644104619426584,0.6931940124765168,0.6449261371868859,0.5277078836478808,7.382740880634201,6.406278940348233,8.100965202067416,4.88635568612242,4.0960467031537515,8.646247358190998,9.933959942996145,15.749276088100457,0.10302560374780552,8.153830785360142,1.315467576792667,4.173829324817339,1.5863501407259046,2.782383725653408,4.430336564595517,6.69873498763063,2.3975793393574367,4.832081595239179,3.6653585537190256,8.843926536933097,1.6346166653029748,1.2808798689626304,10.87937445605483,8.700843459171892
2019-03,-8.821881516854745,-0.5050688959467898,-0.41899448210984336,-11.423829110745967,-8.95896220030534,-4.240220270905362,-4.5563104536392895,-0.9427226263248059,-0.3912840635303019,-0.13132473659144356,-0.14445222581356343,-1.616301714924398,-1.285785203330861,-3.5945854631817182,-1.0126901814227844,-4.032128072102481,-3.1689446031095523,-3.458371326601727,-11.39690775031804,-10.001204149367073,-4.376567727219703,-7.6846215147610835,-6.359633828245814,-29.95782850424024,-17.650335289713073,-6.768614875233355,-41.7359891437941,-5.212693356053615,-5.2736361013466695,-4.525409407747977,-6.882973917525631,-7.325748212333182,-5.969888961635411,-7.218977246249792,-5.36045443702393,-12.846129352357652,-5.5594654660653156,-1.1048457742144886,-0.8364075336619489,-0.5363491873538478,-0.7613619789749568,-0.5607530790898472,-9.17922995946989,-8.64582336782206,-10.18625870794697,-4.749181477661561,-4.3904281145765855,-6.727870474856981,-7.764494792413268,-14.806735763756526,-0.10692185568724333,-6.839397324311822,-0.33376602658649845,0.5840674772860952,-0.37902234081574093,-0.4170933040526279,-3.780293574183346,-7.6592702266260675,-3.9106724939294244,-5.6514871098814075,0.30008785886850653,4.393862261568573,-7.494239379883999,-18.000383234577555,-4.13721126048091,-7.351099443788144,11.407076595619696,0.43252394154488827,0.5294266994390872,9.310272042774777,12.174245755311095,2.752308368392148,3.9407979695782847,0.89608672190859,0.5746948757792691,0.48716689602381197,0.4243312620972636,5.428327584387784,2.3316021412101966,8.088664582258946,5.01550874222942,4.822011570564982,4.5547842471937585,3.426779936476906,9.521254579030607,8.278233006283696,14.509112332208675,9.6451651915547,9.24304877268634,1.6649379816874124,5.691305698325696,7.033598290739865,33.438525804015185,6.518398697410943,8.969878685469475,5.517510938425177,6.203798866676197,6.041508746316244,6.056202025664926,5.2201446874540816,6.283010894746048,23.60579194058615,8.921324413476245,0.8553281364908045,0.9890603286174656,0.6903417488219173,0.6509620397713523,0.5747174141891762,7.974008849681463,7.219389903277936,8.276084959850282,4.4395554388425085,4.0375371712371555,9.951346540977195,12.727518390639423,16.69029906764389,0.11054777337798846,8.248468791417972,1.5577214180329153,3.7283076911198823,1.6773715531244955,2.4321138057521345,5.045135245591823,5.4293646617342395,5.090046929398125,5.230153712729442,3.105174212027333,9.16347577766575,3.8462484441393636,0.0968207129167844,8.670484409524562,5.794392391700857
2019-04,-9.903918128908721,-0.4461289390792094,-0.36113187911943634,-13.29479244373752,-11.416713931124193,-4.242998338902021,-4.4033851449488655,-0.7186982599554488,-0.4032322247017478,-0.20979717236297107,-0.17557858365741336,-4.903023675932743,-1.5390309462726859,-3.1409800121185847,-1.9905886312570322,-4.294231297919797,-4.144847459487175,-3.5723318187531223,-11.41710006825003,-9.714694537806915,-8.33732707447817,-11.937634879247215,-7.1391804904788145,-28.62008290365053,-14.124919207667244,-5.935442136487016,-36.52763186843054,-4.129225684936266,-5.532847260948893,-3.767325743388364,-4.883051860619442,-5.372318700270826,-4.606155056367141,-5.18215006437462,-2.7693274166774424,-10.066313650021979,-4.1204740628000485,-1.1679053350444755,-0.8734711492263061,-0.5810325293328424,-0.7776155703461696,-0.6356343032462805,-8.855854849377025,-8.180156726850022,-9.447122216370227,-5.178740432191238,-4.266658916093305,-6.621374943670062,-7.73835287400037,-13.35734615683067,-0.10027472108350523,-7.081853097199424,-0.33539120000504796,0.8072481847632138,-0.10133036777448645,-0.12567757431602367,-3.52701269480855,-8.707625248319474,-7.157000173809899,-6.490284812645184,0.7816467265122043,4.169763202471313,-9.7672466326684,-19.66378157172015,-5.4348596336254795,-10.751435836440937,10.325030969111666,0.49145422281940626,0.5872731042635735,7.432203480614191,9.70844017539278,2.7482668281010563,4.093145914405877,1.1200510326580853,0.5626960864998237,0.40868883644221304,0.3931960615874011,2.141331592685095,2.0780784891086084,8.540566669315403,4.033727621570328,4.5579667350741,3.5766291075252123,3.312612019700736,9.495814586908335,8.556298397710622,10.547487791892143,5.384202241933673,8.463363400329548,2.9716515957042873,9.158991647933632,7.866121760896062,38.642338680899634,7.600968149657691,8.709481874471228,6.275525942380625,8.203373782599513,7.994884427536061,7.419868285350091,7.256912304802968,8.873265833594207,26.38017652606511,10.35846905524063,0.792191194588167,0.951964706686415,0.645627357575677,0.6346829661194944,0.49980300767292063,8.296760318690776,7.684319470050087,9.014983979016575,4.009863647391241,4.161289839160344,10.057743928155734,12.753169041402764,18.139582849746706,0.11719276214349834,8.005891598691319,1.4771433560409966,3.0237123528293264,1.356407173668575,2.4063030405053905,4.080646912606494,2.9230732009113645,1.0697014443302946,3.3359101151694777,2.0242923541539524,6.1593225732619645,-5.396428524734477,-12.041627363234845,0.7091639929256965,-1.6821767653358979
2019-05,-11.449443396297223,-0.3743577552963021,-0.3225355231601587,-12.780079595041782,-12.978789910889837,-3.967177716757991,-4.063299480940667,-0.927086258304167,-0.3122029148945781,-0.16930240720237366,-0.14032688745115007,-2.42475275736032,-1.4754430565954655,-3.556630837878758,-1.6001233868437428,-4.3656703872136635,-3.071384066057339,-3.6729087472901583,-10.598590608465372,-9.0930573124764,-6.499650826724416,-8.989723533897603,-7.46262685147852,-24.84387325066396,-14.929338184368312,-5.550319097550816,-39.77252976243211,-4.296262970069871,-4.8551778050115235,-4.400751421404114,-6.823044056617116,-6.290818351080347,-5.668332418196493,-5.75960233189304,-4.269940299741241,-13.215795906489072,-5.624316740180617,-0.7150236793704832,-0.882468949383354,-0.739261228317024,-0.7833000441203553,-0.6811175575792806,-9.231966614841198,-9.037894152298461,-9.81847044050531,-4.654814062683703,-4.2280901594254585,-6.9427269188670735,-9.091624207091069,-14.41548649963287,-0.10681595683361432,-7.343684257465053,-0.28696712123002355,0.8719345914370766,-0.1645498455342581,-0.31292377359894274,-3.7664295839105923,-8.854181851122888,-5.590806743898984,-5.201207836079741,0.7630153160300661,3.2560993750705576,-10.805045853083982,-16.83988318742431,-5.968838915842617,-9.651196843635702,8.779514195530783,0.5632341676006903,0.6258833762311524,7.953230539665364,8.15372214101086,3.024601067203669,4.433416258409314,0.9116474933673178,0.6537515356769573,0.4491812349805042,0.4284488421687289,4.619869645441365,2.1419355391237307,8.126362516152366,4.427676215980634,4.488378785179707,4.652239720987675,3.2120288004493354,10.316011297660769,9.181685974978507,12.384233515088326,8.339142476473203,8.140041118552782,6.775630744932727,8.40880623275093,8.250668899171242,35.400376598097715,7.433372192979804,9.386951480014826,5.641782659029034,6.2635564635791585,7.076030591559274,6.3573790433278115,6.6791505101544875,7.371760801857543,23.230357857521476,8.854473410220812,1.245120021602419,0.9429056779578702,0.4873392591036131,0.6289681139377639,0.4542868063302824,7.9210050421067315,6.826822604863597,8.643862443267254,4.533627552501385,4.199874662180281,9.736023301994308,11.399388458692997,17.081501096436828,0.11065354180456825,7.744111890400317,1.2023943261465626,3.612694803671708,1.625864796069704,2.0243264987412566,3.5426393469423205,1.8601190683726125,1.6755467835340743,3.6194498087542044,2.8790388341040405,6.949434381984209,-2.537292316573178,-3.1096100954349746,4.538226330471518,1.794443165954311
2019-06,-8.186884230476004,-0.5320480954403226,-0.40206994254720874,-9.485267295507194,-10.56420163760944,-3.5679132152820907,-4.381856341831748,-0.8560127741526892,-0.35457487584726477,-0.19361936401172464,-0.16849387191297552,-3.5586670206260913,-1.5925784113149182,-3.6009561676617174,-1.3444535106927955,-4.2785599478139895,-3.5675699067750655,-3.494457670036085,-10.445117250731416,-9.503505274844864,-5.531817040058626,-7.529335794026626,-8.330844677218876,-23.723983101246358,-15.418553843331749,-6.72801809514503,-38.3306865550515,-5.698443014708651,-5.923512289532232,-5.272746439843788,-7.442179328748405,-7.86323113617713,-8.007995429157221,-6.216014262405993,-5.074232743866949,-13.62744011717608,-5.6505253068010335,-1.1348454595136503,-0.8649873066268743,-0.7050379815334227,-0.7300654481722579,-0.6300668457100749,-9.778006727531652,-8.818805249041263,-10.293574009867323,-3.9768269123294537,-4.613919907817184,-8.548527408402936,-10.293005511527719,-17.327392124109203,-0.12383809682059993,-7.236967191392852,0.026853713791372358,0.9587201163672574,-0.35914870551544265,-0.3829724243621693,-3.7259254261554298,-5.189276796402336,-4.06664022031222,-4.305234191202965,0.5939969650524488,2.724610203837922,-11.529798914477047,-14.972239064880974,-5.262891196175283,-7.960167970789456,12.042073881998437,0.40554474205135554,0.5463512390017218,11.24883385801355,10.569006318006995,3.4246154240154194,4.115252081385826,0.9827965740807069,0.6114040634623062,0.4248722686035309,0.4002896159978515,3.4859622786860904,2.024808933226139,8.082293877778946,4.683745412959409,4.575579694853473,4.156158943528245,3.390693593042548,10.47304507861723,8.775931880805905,13.35386301936975,9.800450912289156,7.271837923713278,7.898783384681295,7.92308714470702,7.074195070828191,36.843828392757786,6.032649038755906,8.320002497283912,4.770173906329365,5.644593455453424,5.504025822472296,4.018095558143116,6.223107671297878,6.569232587903027,22.824481175767723,8.830264572740528,0.8253284511916428,0.9604805556525402,0.5216529546423425,0.6822585705740509,0.5054036475689485,7.375232081619702,7.046408022058733,8.16876965792993,5.211910004174616,3.8140453779965573,8.13068960743124,10.199007671524972,14.16964270729121,0.09363153224463183,7.850898924336942,1.9183411584107861,4.102960330201044,1.6972451884247937,2.4662346854425934,5.09950339361974,7.899358091957971,4.934079203015328,6.576406631407885,3.3990833182112756,7.494223719935099,-0.18931109045368366,3.124964882613366,7.544804473830189,5.185323864699544
2019-07,-10.484265707665015,-0.48549706531541786,-0.40674297205996135,-8.138097339647661,-9.791808068202444,-4.297279823019764,-5.1513299365050855,-0.9236758761142263,-0.3937938471061735,-0.17810268500895432,-0.16109896006578822,-3.021872935279249,-1.3855522566262222,-2.9056141203179684,-1.2077442913195804,-4.910969144108409,-4.856821784990581,-3.26818350015295,-9.343666639441484,-8.632368274672253,-5.65420232999539,-9.375605165308704,-8.014709824451131,-18.90363912235121,-13.99783356175973,-6.957417363780723,-39.42178786179337,-6.530551153974681,-9.563986190532203,-5.410131697513574,-7.5986086200718574,-6.878009933255272,-5.878404196911844,-6.845323329274351,-5.470624403604519,-15.404867776339545,-6.232768771100998,-1.0496790111714918,-0.8219666312161914,-0.5686178036446742,-0.587699222234899,-0.5464102235653618,-9.295378391019177,-8.872334167756364,-11.620728782297538,-4.655263455979045,-4.377466471042562,-8.39698688770181,-10.241825189979332,-18.68517146154526,-0.1317956261008938,-6.639728158557837,-0.3917384407344826,1.2852804312278105,-0.5519020255054511,0.019895864950694397,-2.2115786940529327,-6.454092344352579,-3.188513320008464,-4.789003922110243,1.760574630152614,5.960247845287347,-2.376825835049818,-7.700334837802677,-1.8915403943245757,-4.365380181103032,9.744683390355371,0.4520860965831978,0.5416620113230485,12.58889858470405,11.333346038314533,2.693985343983314,3.345201122849657,0.9150734164993077,0.572134464095398,0.4403833237962298,0.40767568517902625,4.022482333338589,2.231557178755072,8.775932561116019,4.8165719615077816,3.941228888885488,2.864654782021806,3.6167603383009084,11.56924801571688,9.638624660845288,13.230612536374927,7.946231955872184,7.587834066357232,12.68809537700361,9.286077293841153,6.844146533602356,35.748182687536804,5.199642680619277,4.67834294488792,4.632719988255417,5.4878170231471,6.489193194551617,6.1476191448053905,5.593739039903238,6.171968846667133,21.041622399747542,8.246174346939679,0.9104175184611507,1.0034692246965298,0.6580420832638453,0.8245993142307652,0.5890270873538395,7.857236777048623,6.9921420291437455,6.841377413089264,4.533340623603434,4.050482284211086,8.282131984123986,10.249696725423805,12.811757545032123,0.08567185712610977,8.448016537332906,1.420796115311562,3.501744599293924,0.9058355159376105,2.5518764797721083,5.396080913362111,5.176606104878263,5.038188298131734,5.037191005704418,3.0032202577943625,7.949807216077998,1.9939922728841022,-0.07818062931736813,4.252483232226602,4.703878890002012
2019-08,-11.47796021098731,-0.44905253830423836,-0.3615238013070175,-15.230367885205267,-12.174210588757502,-4.008546226900977,-4.363919680068335,-0.9405039903521526,-0.4137966278944365,-0.17794812144136637,-0.17103762644540274,-3.2724111881839457,-1.9007003704758603,-3.7936545564835815,-1.246037149737677,-5.317915046204394,-4.424983822140339,-3.3701447159047424,-8.100537267174126,-7.567563628371051,-3.7131465182797,-9.803893537908671,-7.070822386191866,-18.49568335610795,-12.929298719151536,-8.432004358905177,-39.929574770689904,-6.694461674025717,-7.909953861666555,-5.522292046567866,-6.431240230382806,-6.674228579676657,-6.197310154940468,-6.762899466992198,-6.340418438131449,-18.679052881467452,-7.5398483826173575,-0.9618131428985148,-0.8067175183355715,-0.6998172189602629,-0.7133314768333626,-0.6255192357258083,-11.581599033850365,-10.17528262704207,-10.95539933258455,-4.57382101471829,-4.350587071933592,-8.136188149783854,-10.915817166552179,-15.630613685432186,-0.11321517218920192,-6.276069661907191,0.1426985192680189,1.1336355217626923,-0.7630116363741182,0.3470939085854228,-1.5983694785324558,-3.329635669748545,-0.6791483860578378,-2.1312330782211966,1.045261965550373,4.782257544707531,-4.075074836504831,-9.003041954504187,-1.9411009576807645,-2.7036510074944657,8.750997380840696,0.4885393845927541,0.5868950980842935,5.50294224950188,8.958301463143195,2.9832325570606826,4.132796059281645,0.8982297613193322,0.5521578226770989,0.4405355207415115,0.3977381031744762,3.772211214617739,1.716678225243336,7.889338797547543,4.7817624530867,3.5361341261889763,3.2986399649046736,3.514792831834751,12.814064638952015,10.707179659083856,15.170737823533045,7.524972472462132,8.531845583839434,13.123820639488738,10.408845697967706,5.3689836378168785,35.243331589839904,5.035173489023959,6.332175423359795,4.520242033865282,6.655360289813468,6.692620362962962,5.828401306583836,5.67585337505533,5.301282663467335,17.767100882543094,6.938941767784073,0.9983305580743873,1.0186571090056529,0.5267832684603742,0.6989366812247563,0.5098851281837545,5.571372623097565,5.689434130119988,7.5069335511880135,4.614620600466798,4.077377749672147,8.542562071077528,9.575195499231887,15.866373910637511,0.10425432644898065,8.811726485958179,1.6320599666446056,3.874395733997324,1.0274030052298444,2.6843441809256223,5.710699452320457,7.3846652497469565,6.5872051413752235,6.689424566612747,3.161285483624347,8.475592551621183,4.192678700005972,4.727231137485149,8.56596428863337,8.741989002095547
2019-09,-6.602708879635586,-0.5412436948898818,-0.4540811762191322,-11.866346950273,-12.087594434903995,-3.819189470500568,-4.533853413198926,-0.9768911377713714,-0.3952890738087566,-0.17008420191474652,-0.14732939397424874,-4.7032516181109765,-1.8768483141745136,-4.308344565010776,-2.148857081487869,-4.045904143494427,-4.45995169426243,-3.4132022133627116,-11.611327793326522,-10.322198462243932,-5.9635830935096585,-9.808628071558221,-8.2100619355911,-20.614432517647458,-14.65611964585858,-6.58488298926524,-42.11119802263424,-5.790906229545019,-7.350892476723214,-6.702055132557576,-8.5856402517101,-9.155518176139635,-7.560076305848154,-8.36044082856829,-6.172251861507043,-15.888232715620774,-6.665731153247922,-0.9976381911594268,-0.9319226181258924,-0.6734402665992354,-0.8074979544127274,-0.6524289391186135,-12.837355546777314,-13.327747028726023,-12.577228235262563,-3.836955232640844,-4.700001868051212,-9.133460448416564,-11.826806361675546,-18.144258607671738,-0.13325688706689293,-6.680680008346049,-0.6428254839678865,0.9496191789685997,-0.7680502162055396,-0.22278901013357877,-4.200913960185718,-7.962841212627555,-4.128776580261529,-5.712756278596293,0.9301124746822895,3.709896323795151,-6.098952886346643,-9.808178444275,-1.77074476724186,-2.911710836152285,13.626249232838855,0.39634914260179627,0.4943400053297983,8.867754203247744,9.04561352071244,3.173339168796942,3.9632550100186474,0.8619182104620244,0.5706898655008144,0.44840743070050904,0.4214540939365783,2.3413776812012053,1.7405390303665438,7.374905480429888,3.8793418421643353,4.808235499173035,3.263777156040881,3.4719490497159216,9.306834536022125,7.957238693406833,12.922096965918719,7.521158634757562,7.392620665341054,11.008333968280194,8.68552134218019,7.217330176707979,33.063316925175045,5.940185823919538,6.8926223100929285,3.3408652136155768,4.501132532491729,4.211738782509789,4.466014681452181,4.078681105135582,5.471213470262933,20.563688577323028,7.815058726293639,0.9625357195458664,0.8935452441535221,0.5532506695765298,0.6048260643335814,0.4830415541604099,4.315883262374041,2.5374662423739744,5.885115432534689,5.3517816838632255,3.7279634177625294,7.5457565674176115,8.665206821377145,13.352776223728675,0.08421274199833882,8.407186107383744,1.2486619606515266,4.093859392802386,1.2883436777346968,2.6264180996711834,4.624514859589451,5.125793675732752,4.87194284306602,5.168884544014556,3.735198827841116,8.479509839892328,5.24153493767672,8.289025503219339,11.036950902763612,10.233780999336716
2019-10,-9.0835644614681,-0.48869821456802703,-0.3904271355482403,-8.887747665367034,-7.616049188863578,-4.21645360928105,-4.635294430713404,-0.8310906763030353,-0.34383651498932954,-0.19484832452188583,-0.12694545186695283,-2.0440554904125356,-1.0519766605721101,-1.7309590966350434,-0.8656148101654266,-4.3223977863705585,-3.1701902175431513,-3.3688338428220237,-7.623806763865792,-7.227871277698877,-4.17031566699732,-7.856652989610006,-6.13414237059685,-15.20972616280644,-10.979921413905911,-6.157210936930706,-37.757795250990156,-4.112825326509519,-5.319766124444594,-2.6375318719651735,-5.004458374829014,-4.878014813467463,-4.581719464957173,-3.4260354764922236,-3.3748670537776064,-12.513604840051297,-5.375190180780731,-0.9974099474163127,-0.6245842671546387,-0.5473871571673353,-0.6274509700015682,-0.5117800933436222,-9.271391874330643,-7.277982357444665,-8.064266870725266,-5.412187813523239,-4.22843874672728,-5.591450322963356,-6.935016390824993,-12.90291048239363,-0.09234651006270259,-6.703816130919034,-0.0023218519006940053,1.1953741949022678,0.2300358762521859,0.24382994625887022,-4.194778533770894,-3.721267500684881,-1.1600310471054982,-3.403605410656523,1.8215732097063313,5.516622904427552,-4.088312768915248,-4.567760317974681,-2.9349834575870815,-3.6184511693514434,11.145384636552286,0.44888494733058865,0.5579778478347694,11.839248258984679,13.5091049176534,2.774811557722028,3.861236628641339,1.0076586163104988,0.622091796212242,0.4236376842832983,0.44182919337786164,5.000299778205302,2.565132774809184,9.950587584798944,5.158701442661934,4.5298002466233385,4.551286349469236,3.5161099956318345,13.289107891292575,11.043121657818663,14.714499199372996,9.465184131570881,9.468401520211513,16.382008336548378,12.303989441694965,7.6443529604523714,37.41217529834002,7.6173685080844376,8.92256301097553,7.405319813803818,8.081967268389944,8.489188314339424,7.4443038767600616,9.013026892685366,8.267726196494044,23.932885336035792,9.103752937259946,0.9626865822163297,1.2008515887580826,0.6792727297411841,0.7848475664640957,0.6236572175755789,7.8812232937371585,8.586493839455446,10.397839324661536,3.7764162660592393,4.199510008526369,11.08766854886244,13.556505524578144,18.594018524183753,0.12512097316430099,8.38392856497171,1.8102127041453506,3.41183836296838,1.6877734176952475,2.7758105610802843,3.4128810736441495,7.909430948545959,7.066670571034695,6.422589517158139,3.06421883734808,7.506182275218204,0.2825053390186756,3.0543938905106263,3.2090401689640955,5.450807901753597
2019-11,-9.111616473432086,-0.5556253481710667,-0.45911381280245783,-11.024163823518544,-13.778844311435641,-3.877323819436159,-4.873366184289669,-0.8078846205226533,-0.3126971425810514,-0.14498969391075933,-0.1450333988016733,-3.480170346024097,-1.726885908736968,-2.9291994484177857,-1.0100780834383007,-4.604869672884281,-4.035706057051656,-3.0992001433682983,-7.327009777096314,-7.194754779433927,-3.207042300646198,-9.027747958041237,-8.166105363308514,-12.69727011540626,-13.119032086963808,-7.113910447780378,-36.08644168625084,-6.4617390213358465,-6.985290579726055,-6.22383761275268,-7.137080489596763,-7.234620233224823,-6.28943492214986,-6.884561935445785,-6.224049925991537,-18.051072673138652,-7.271725671588412,-0.9792726923509396,-0.41839585210916136,-0.43263023451853366,-0.4065277292938857,-0.4175556453727617,-12.150119936088757,-10.948288959010078,-10.34841127663373,-4.298188533967163,-4.210266891296932,-8.07028352598853,-9.715528877498196,-16.96305242100429,-0.11888380016185322,-6.872383556530792,-0.14910627134825838,1.0162651241559555,0.04453867330620065,0.19456783964380264,-4.951880410925127,-4.847733439053378,-1.8297599915167968,-4.379516684400144,1.07277995668328,4.362771518832229,-5.72521620147486,-7.736925790280478,-4.453158044452534,-4.7471854657347174,11.11734111839592,0.3819665747259257,0.48930508658885324,9.709146311188599,7.353667740465056,3.114454964525501,3.6233495550603116,1.0308491311488315,0.653257307990484,0.47349394827211855,0.42374233081820567,3.5644520567775877,1.8904926869822283,8.753793905613339,5.017721519386076,4.24917949950909,3.687917729993357,3.7857374043711953,13.587592129029826,11.07998850802098,15.676842041166545,8.301118052329569,7.436562606722786,18.922233880190426,10.219112330155435,6.687077548941677,39.086464674278965,5.267896141713829,7.256838705300295,3.8186964676804678,5.949520030599511,6.132228709414796,5.736276539374444,5.554190906601742,5.417651175607247,18.395081090871894,7.207064478813016,0.9808710086219625,1.4069787752320628,0.7939702529021034,1.0057404287642333,0.7178487185368011,5.002851720859172,4.91642779815198,8.113921607138835,4.890253081217925,4.217697930308807,8.60846669487285,10.77548378828587,14.533935175065409,0.09858569847632935,8.215412591334578,1.3402551760283274,3.757025336390587,1.834953314910163,2.531818111984002,2.357188519927786,5.866567480442123,5.436593535916261,4.441140960433801,3.188803474757255,8.05610652574588,2.542537335035944,5.993347301708858,6.0539072018616,6.698454543855296
2019-12,-13.056162726429154,-0.48716932883885966,-0.40456450072084954,-9.180373436021117,-8.791647786618384,-4.273646020460249,-4.298642184439769,-0.8591641116842405,-0.37300875721457044,-0.20244345924469323,-0.17564683928479824,-4.123593797593423,-1.5786652105748982,-3.550175548568343,-1.4494153502073002,-4.094999657848507,-3.139390220252765,-3.481439303020399,-9.4196963940206,-9.42637045844105,-8.248904423900306,-8.297806363414207,-5.692134406518423,-15.442751662017159,-10.037170011445003,-4.898705376620136,-40.26855889668553,-4.53259398427663,-6.304788236877879,-4.781028619970333,-4.723243823955761,-5.7252338631280475,-5.244782721370473,-5.3102636888315455,-4.545583534348423,-13.700773125070242,-5.675830410131312,-1.0784555059141043,-0.41264614055752147,-0.5186470363829825,-0.5472922049535589,-0.47346445350022737,-11.165677974257825,-8.918264321572808,-9.074088190222097,-5.114533023408275,-4.159867763058509,-6.62221127586035,-8.140313260345003,-14.046394370166528,-0.10339186754635224,-7.098428630891556,0.006619123290642404,0.7840239651731502,-0.18554155768702096,-0.21382136331667834,-3.36812010554915,-5.390449350462244,-3.5201821709304,-4.183341912458475,0.6845145104062327,3.5577084422832996,-6.519606666810975,-11.003217268469847,-5.531294627047131,-6.229129255207786,7.172795386045283,0.45042350865281844,0.5438566808280809,11.553727717499626,12.34156016899805,2.7188826188372612,4.1984662387778044,0.9796452365491554,0.5929701820950006,0.4160481733705623,0.39313664862602876,2.921035501718759,2.038722133966159,8.133074496872322,4.578783573444904,4.7591399848189555,4.584338630050546,3.403711960058234,11.498465935328047,8.853066697209714,10.636775635528071,9.031980342901576,9.910548194413732,16.180014823910494,13.304470976593766,8.903507789353084,34.90595605112375,7.198498069187927,7.938726549938265,5.26189172620282,8.363528960246068,7.642023095521378,6.781308265929862,7.128858244872326,7.097881797421553,22.75114816787356,8.804959469410248,0.8817184047911889,1.412821721721893,0.7080438997927827,0.86503181379275,0.662006039778796,5.987560834893528,6.9469489495271874,9.388255477575155,4.0742038930957944,4.268097522755232,10.057005739973826,12.351699922707688,17.450640461233885,0.11407776151887955,7.989437484838238,1.8981065679100562,3.9282641790069373,1.8708523362532155,2.635385746488084,5.457308714226019,7.698185537898063,5.480537252397147,6.698298910152374,3.489600863565059,8.327321958380477,4.820881157212388,7.093986679024494,7.276401042958342,6.9163625802812145
2020-01,-8.864339243563723,-0.5836120393364282,-0.4859207240176182,-8.593881864753657,-10.07897913593626,-3.47899151001202,-3.606133982881823,-0.7583955922853451,-0.32153682068414347,-0.18079683509830693,-0.14647184870358013,-3.15005102579548,-1.2482016260916833,-1.9424092071884314,-0.6908134032824531,-3.9429272390532604,-3.7574809939487346,-2.8992932055677816,-6.001099009580484,-6.3453010686266875,-11.078995864150503,-9.870807859311832,-9.810121864166874,-10.576587290647137,-10.739927541030536,-4.51818232981177,-35.91515753589124,-4.434421894291338,-6.098080469664323,-3.7550085444011403,-4.763600355636124,-4.532519896973611,-4.4126821640795075,-3.9044018267865477,-3.9983338772840384,-13.420988933733327,-5.2709914940811995,-0.9869954964871422,-0.22530034628857853,-0.2436671706190709,-0.36056065286024785,-0.33569770925451703,-10.334219168023303,-8.904846697484746,-9.135750865236975,-4.7424033568206285,-4.21990277446644,-6.494500474383538,-8.92666756525835,-12.41342531374061,-0.08945278780701234,-6.608036670797564,0.015441693719195126,1.978693754354928,0.250695879038935,0.23506529510941165,-2.156145986339607,-3.936827456847767,-3.4894164272625137,-4.612406815136778,2.18440761940246,5.029689640917046,2.610766147073978,-3.7334672692789126,0.09507579293753121,-4.382277392911576,11.364609854456663,0.35397112256218743,0.4624842593653916,12.133114059598055,11.046174970580717,3.5122736569910575,4.89039707647292,1.080353700328189,0.6443914905174281,0.4376891737068772,0.42230279654123437,3.8943042428223578,2.368907809289611,9.739137474245556,5.333502849544908,4.909270793940636,3.9639955730636527,3.9856506328860766,14.91181564557788,11.925691866890853,7.805819002219813,7.451029261869056,5.79242202664149,21.015147208707674,12.54398331457034,9.28338156757131,39.254813013438934,7.295771940302618,8.1442486657558,6.28784314136785,8.322825287582834,8.834683230833276,7.613341177637727,8.534660542391041,7.644259372987612,23.025501242353762,9.207951623959477,0.9731010331455002,1.6001355096241423,0.9829927162894485,1.0517378836054163,0.799739601664684,6.818396000044498,6.959629499415364,9.326355330149827,4.4462007227618505,4.208045980787209,10.184618397442257,11.564854350144786,19.08350369283677,0.12801469541999122,8.479708025093178,1.82797624976524,4.195157922421041,1.7084334204819966,2.7670459099308258,5.451513621075437,7.693870992383073,4.737285190877685,5.213788112677884,3.427053247044209,7.019249011707697,6.981584255007899,3.8886869392063956,6.239099419488708,4.686981678193468
2020-02,-9.089334955039677,-0.545288654831413,-0.46727936534647774,-12.199516860965058,-11.270890952911166,-3.5988851411023197,-4.4507459593357686,-0.7169362894659115,-0.32615607673594393,-0.17511592524850478,-0.14365728740079128,-1.6353335194513934,-2.060996946943668,-3.26408699956587,-0.3673806176995158,-3.0762389277032067,-2.06798717480091,-3.6521380189779094,-8.098101985111402,-8.140495043426593,-2.476066418161973,-7.12280606739905,-6.829178552048355,-11.239585066297515,-12.705778701387905,-8.28465196177896,-29.07306235932395,-5.404024519522441,-5.04589276754178,-5.171277897195321,-7.77551380924674,-7.253145464107492,-5.690958407791308,-7.137962949724751,-5.602526860632557,-15.94998998013299,-6.699785255372919,-1.0600558337386514,-0.33896490386186495,-0.09852330210634008,-0.1389645277192909,-0.1562064902661784,-9.095977812259626,-9.51000440257436,-10.217723759568782,-4.649434496692232,-4.479166838605268,-7.923000536172909,-10.01475659619716,-16.720850465089406,-0.11768037526689898,-6.720711928468618,0.5122303620141495,1.4977129580295663,0.10108630020108922,0.3685853250129836,-0.585824910358594,-2.761945417527559,-3.475683227998258,-4.1008639406366045,1.7439085742329417,3.990559835052644,1.0680168298121684,-7.081391861304555,-2.994814944260863,-6.935435659017615,11.139623489382773,0.39230402452394897,0.48114057472883,8.53396456956207,9.861748499483166,3.392894683604601,4.045969939193367,1.1217992104190992,0.6397983803890153,0.44336781195768754,0.42511844486185346,5.4092907735096665,1.556433611435461,8.418948455698334,5.660422139516054,5.77810287933022,5.655991858141904,3.232800383734767,12.816506407582828,10.13428896851558,16.407852969347157,10.206077197144769,8.773493298041203,20.38002212378825,10.632373126751004,5.516337173876836,46.09991558564803,6.325610998411372,9.19624002973716,4.871265050877133,5.3111868398144635,6.1137226670685845,6.334780587905549,5.30081836026782,6.039183843479097,20.49616410753586,7.779005507115872,0.9401382237553639,1.4864162542552333,1.1280830532876505,1.2733075082694962,0.9792009692003003,8.056996815045931,6.354712380467929,8.244629572253144,4.539012171947181,3.9487996334179676,8.755761616480774,10.476266126536547,14.77616915680997,0.09978943052532291,8.36708483236636,2.0016044627271206,4.238503172200579,1.8915020046027706,2.7250286057022945,6.723247019965044,7.9523851291475305,3.7907011639622588,4.719824200921235,3.859993033176556,7.693642684777866,9.3357717112798,6.649117939333731,7.512494664273268,4.510858303412481
2020-03,-9.0133572374207,-0.4454071414797875,-0.3650623070398859,-12.499193888499557,-15.091790227652735,-3.7953730825516523,-5.703365121748903,-1.2701082895450828,-0.49915900221310305,-0.17311111586497227,-0.17674260424795027,-3.1171657123085814,-1.897266873027236,-5.074967922772273,-0.7843261160611283,-7.181125450721165,-6.017914160919068,-3.1178919166238903,-10.161492203424594,-10.681083282316365,-9.261835504391657,-9.255930263795378,-8.8747690265773,-9.568882792352552,-13.988831578241149,-9.64831334400105,-53.585635113760134,-8.861377697677456,-9.549830376514556,-7.462155743058709,-9.773751008167954,-11.160099956177055,-11.850353803488893,-11.746701040306004,-8.947869503999618,-23.129909047436744,-9.794825395443802,-1.1191917162950515,-0.9872217619959677,-0.5020007596046504,-0.6531542886964445,-0.4675925167025233,-12.288906493993359,-11.679080354774005,-13.8998429609006,-3.1502249107912426,-5.120976252560012,-10.989177073976016,-11.9206600068752,-24.153488520927056,-0.1710022886868684,-7.391419933825842,-0.7628536184827991,0.951229017213151,-0.8795366579822529,-0.04720365086986189,-4.425725270742973,-8.148697961563844,-4.00520466835181,-6.962352865250459,0.18254122951950613,2.900389048759422,-3.3871644406016204,-11.246937394639659,-2.7156097164729722,-6.473298839585831,11.215624523188499,0.49220517315433504,0.5833834458658939,9.382238250115103,6.414316629996561,3.1980408896729715,2.8011742965892,0.5687155281375547,0.46682039722208235,0.44538359546261397,0.3920413596356135,3.927580613761069,1.7212078768295052,6.6092508798152645,5.244037879609678,1.6789518486170185,1.712811978462248,3.7672761951074407,10.757110134227961,7.599408080274967,9.62413986676424,8.07440572179048,6.728066653868982,22.054816510058536,9.353089904499315,4.155234005864869,21.59127349688589,2.870515820423089,4.694118066225066,2.581921054740423,3.3198113063589356,2.2090666213377332,0.17820293959066458,0.6948123968373467,2.6969235694156057,13.322425843250056,4.6862084520725,0.8828085257714839,0.8383169273298569,0.7247505557821713,0.7592057956500409,0.6679082174969595,4.864464836739571,4.186157940430253,4.563063191367131,6.038566391227942,3.3070578717559878,5.690417755626655,8.571679101647932,7.3442184952213925,0.04647166498531354,7.696452231566729,1.128985274199088,4.095980701147184,1.1769768037808794,2.8515076942784088,4.399729060661343,4.940777017769465,5.010114777657233,4.01654109031656,2.988901033685154,7.69380754132432,7.9534658524734025,6.854465908727435,10.10660197454207,6.6926293399146575
2020-04,-10.22774757639886,-0.6408991189543476,-0.5679835339607504,-18.765165817041577,-19.755224215504448,-4.892824339150824,-7.299604621817158,-1.6998173549187605,-0.5346190363857967,-0.15416420751174015,-0.1605353400602183,-5.2572155576169415,-2.8550486667835804,-8.460874826964115,-3.2867598712423165,-8.515671671822057,-7.507440429369424,-4.082701200163187,-19.347414991533537,-18.534626667485018,-8.345716480658686,-13.79641549606363,-9.908776531374833,-21.01681502329664,-15.101396029651433,-15.162555532451908,-72.22084204940623,-12.222337449112693,-13.889041930990881,-11.337419782424467,-14.48682908221964,-14.947841011877813,-12.872477029649499,-13.439236697408372,-11.14286388020263,-22.89086351425328,-10.080214922028027,-1.2636771066521024,-0.9554110366500459,-0.26466736932231427,-0.6266524731444687,-0.49971976806395213,-19.738450791375918,-16.819580658517506,-17.017169336432815,-2.970511096694119,-5.238473599654301,-14.462390343930188,-15.810249909419078,-31.93786977222643,-0.2283778801867108,-8.708700044962487,-1.5454993460382564,0.09665497147554158,-2.3174436028649064,0.43531427044213067,-3.410749385488235,-11.464448197455862,-4.385360071277259,-9.977121677534727,-2.102277081633855,2.0073470722362896,-6.827869818106436,-15.414675939168633,-0.9404880698719618,-4.812569346383642,11.246997067788056,0.3425893599049146,0.42338610837778967,4.199428633603025,2.448424080591179,2.159813034501415,1.323860200862649,0.28513703968331283,0.4544930493791115,0.47772720659219187,0.4192542087986829,2.1955655932756484,0.8669934562617228,3.6722162111901664,3.1466156893616217,0.683422434944768,0.5593122462291582,2.8392933629626267,2.3489002421839906,0.3392441288093231,14.192393722035787,4.540717496438758,6.894352079990423,13.70818575384138,9.7019244293577,-0.2954649398753899,8.098733761907724,0.2609848511368451,1.449304932967979,-0.5959903127323116,-0.5581610376695005,-0.6413588754806918,0.09067461099400287,-0.02256539079317932,1.1525387233195952,14.509975656326585,4.891152032641194,0.7397702286745116,0.8922428096020736,0.9834194702133481,0.8042477739644214,0.6496855651450478,-2.486102678205958,-0.8903235340622944,1.6241148924862916,6.272159056435392,3.19917627619071,2.383287010634761,4.795134826765103,-0.10820738755915826,-0.008287401369101749,6.381696198408987,0.3909234572515523,3.4081371140652283,-0.15722022278568204,3.3198591179254118,5.349439449928815,1.6623012168979274,4.574735536062488,1.1829179235864018,1.3392210586761044,7.302813051395578,6.663074387721823,5.755086293742616,12.933047447425185,9.126344853297605
2020-05,-10.25510624060735,-0.5515000161938023,-0.4775164885313992,-15.816858515271385,-16.792074944048796,-4.671411958001711,-6.347633181748217,-1.4940299045683512,-0.48249183061098033,-0.1728425583353441,-0.167934188644689,-4.080056558610621,-2.1609375377566806,-6.700757360424417,-2.6885576468613555,-6.871561129621366,-6.00356356895498,-4.020677752487053,-17.231790801652025,-16.489913534033207,-11.675932226922372,-11.59364372289101,-9.020875374512693,-20.613453880835472,-13.684021916858894,-9.922356397635703,-62.16540211359444,-8.28990675952856,-9.389611267001538,-7.987650529128009,-10.418389551667483,-10.971867376834576,-10.346526834382663,-10.528297611236491,-7.524843228341979,-16.29901448824833,-7.288008351418082,-1.2217984824814883,-1.1375550602869837,-0.4424467765776356,-0.6685548930410955,-0.5293335385769873,-15.577237294900867,-14.111569825031232,-13.846646519342775,-4.250042493792382,-5.0756787855053265,-10.42060371186825,-11.467412664794052,-24.082745176153907,-0.1731342265343778,-8.197096845213535,-2.510515413148318,-1.1942095853789572,-2.982205118843437,0.38916340780454517,-4.967521848708623,-14.994461761857103,-4.7706827040134945,-11.802616793432774,-3.662830915932831,1.673222483688238,-10.096539090928081,-21.148339829972336,-1.9964742350543618,-7.089191285605194,11.379888685014432,0.44057097589890437,0.5222709714955178,7.729147828605331,6.235708745404757,2.5413046573616276,2.4666461619203415,0.5723804572362701,0.5137854506291025,0.4604806708653242,0.4128297546504197,3.4871489039012693,1.643149981756304,5.9448781685744905,4.304243015530309,2.7623268852962664,2.4572091719420976,2.9305255283902794,5.998639370111776,3.7172914136169135,12.76831590680519,7.112732967227283,8.009258905175669,16.860486400116976,13.723837236539831,6.0225262598663205,21.1556859899994,5.085878264419033,6.782569444280816,3.550864856369195,4.429719351354846,4.44725335960349,3.6820415564844513,3.959204489801539,5.515276445769809,21.834334097069824,8.036522620750617,0.7866841032906223,1.1346027439451776,1.0589803049251112,1.003678134121058,0.7728115943926008,3.094854200119036,3.0635502876097176,5.4962406713572225,5.444855150386003,3.5644581927011707,7.2246859028452555,9.967501512077773,9.900092591117236,0.06165435709460246,7.078470266699536,-0.2914771327508774,2.649538655844363,-0.49574375554019845,3.3151281397108074,3.880821240178376,-1.0728942920887539,4.454114456990882,0.47617778853917336,0.7099080583490598,7.176199207192298,5.1247512070070975,3.139699937634566,12.9121551492801,9.044623751509336
2020-06,-10.575412479850538,-0.5377773550435482,-0.4631189955775129,-15.741849139961271,-15.70026878229261,-4.759494454567477,-6.15038905528119,-1.427022165879945,-0.4678046477651644,-0.18499342284185713,-0.1733650129433403,-3.915805103846065,-1.9398504411888609,-6.057844231138526,-2.647899704769738,-6.048828053405096,-5.319157947543568,-4.040780393974286,-17.062363000214564,-16.198915104826572,-12.80226686787169,-11.331907932592143,-8.695183636929896,-21.892479675430835,-12.373133609386983,-8.37397268877733,-58.07054068999408,-6.534942688555978,-7.8648437011144345,-6.6999971837481045,-8.987505180114628,-9.080306729089315,-8.11906324980245,-8.430628635468963,-5.827118821581132,-12.932442236432733,-5.839434372641156,-1.2119982532712315,-1.298512731068473,-0.5846211258959105,-0.7336767740879738,-0.583384700461103,-13.934050166922152,-13.039930432187559,-12.519653341198708,-4.892556303864103,-4.840729098325607,-8.6789621419973,-9.547315500240863,-20.82647331670237,-0.15160351517805482,-7.956428556370771,-2.251123609744493,-1.9639743262130818,-2.8907785618067594,0.45333909118408355,-3.6333854054060035,-14.434629619630925,-5.646062272280318,-12.699810083039537,-4.292341823177178,1.7812796284327108,-10.091004509588071,-24.41406741291157,-4.900096726972215,-11.556865176293867,11.081574464716144,0.456491464890477,0.5392972513376008,8.239870236797994,7.7762034418987005,2.510959849146222,2.800410498836087,0.6915971425312102,0.5355703720635091,0.4488934869022173,0.4082973447805551,3.673092344064554,1.8818258216186723,6.89861494351803,4.7958978327853306,3.7251745851530877,3.2619699046782684,2.9582278244905926,7.729629677162454,5.388829610260504,12.490257369605498,7.523589011474198,8.373555458558785,18.053329543831687,16.333401832669555,7.686735808129859,26.845652468780962,6.9243023319221155,8.388636169046308,4.956136623602488,6.020961731298739,6.517616737441671,6.079953006036016,6.22950171516647,7.280872100141104,25.4532506934139,9.554408813571833,0.8033143938206403,1.2222804638059772,1.0545205519022796,1.0529216987533423,0.7990462010328041,5.1705061399957755,4.560631174408828,6.999686629134928,4.833429990990728,3.823612009986105,9.035778496318517,11.940463063976516,13.557578110427428,0.08652368573685534,7.360540186875058,0.3575146143465573,2.6133829080830173,0.018725487136765473,3.4222992495856164,5.268635923446111,0.648218591508388,3.9184720303531173,1.2215693074782337,1.1390388180070592,7.3719995158171985,6.367163863734196,2.9382571198853302,11.091802397277267,7.554663474567425
2020-07,-10.600661379067205,-0.5224610299761474,-0.4523480275716124,-15.81877094157034,-15.589628299017242,-5.343484836009399,-6.6406876536283175,-1.4953247592703738,-0.4981986206720982,-0.2128701174976837,-0.19548218569193554,-3.5651884734903394,-1.7159715713199792,-6.181462621961375,-3.241547492240443,-5.586801827181522,-4.9170282202860465,-4.376488487867933,-19.685517349311766,-18.428137372325686,-15.078523488579863,-11.182983660121131,-8.258535819469206,-26.44827791477381,-12.001193737037184,-5.676501547283234,-58.478590487319394,-4.205831246810657,-5.340453939651899,-5.136146432511331,-7.283819326636054,-7.116153958326618,-6.542397095129829,-6.744478600830096,-3.4733051357916507,-7.094146181683453,-3.558480393483789,-1.2641170981582408,-1.5384156800191466,-0.7919816929098621,-0.8704182929582289,-0.714916966782487,-13.658265938528945,-13.276155826502723,-11.723014848177318,-5.786580511725282,-4.647369079448178,-6.877565499680237,-7.2023617832808755,-18.589347893279843,-0.13798426728902527,-8.105244821844186,-2.0274127029494435,-2.4219344364009627,-2.1434533059745586,0.09644767721951686,-4.128445359939085,-13.380453724373886,-5.920031285707885,-11.602821157745398,-4.074521529463254,2.16120632216212,-9.441650601414741,-26.779319157144755,-8.49108368053716,-15.932461983589345,11.059880342159072,0.47273954959859193,0.5514014639503794,8.400571307941389,8.14750598160731,1.9914983859340878,2.42879739225611,0.6579176379367162,0.5109643357534951,0.4218884580849799,0.3872700946388975,4.030326144891148,2.112247998693828,6.9720840830329305,4.525762899522658,4.252779043734573,3.7210963330529863,2.667754221801278,6.2992216635947385,4.221915845459653,10.73715391361741,7.753356463103677,8.818293238273139,15.370253362856559,17.783752813126913,10.455336788638029,27.404863234566776,9.329662070654253,10.986364442879726,6.5650792770029645,7.782493088078632,8.547300062762115,7.718587302001975,7.97795342092885,9.733108860388295,31.780892026335845,11.98048637333663,0.7571803912216235,1.1533254546686182,0.9449141608347119,0.9860818347136799,0.7222108504084469,5.65784833125133,4.560478727884971,7.872379915492711,3.9580318104280545,4.02443196373017,10.87079707927849,14.355763099423712,15.932071473025758,0.10137223519500432,7.237183752732983,0.8879692263294741,2.8299363382826366,1.071232642144861,3.099410676581772,4.806462860231972,2.715478594655977,3.9669739469400644,3.617064532963674,2.247714420981926,7.789259453124461,7.890708900737115,3.2554584689630826,8.416392476742432,5.671420411154027
2020-08,-10.718371731321932,-0.5067216844687068,-0.4346933103395748,-15.180616752325344,-14.515070227054183,-5.311680718502618,-6.406222135703754,-1.4094130602112924,-0.4771260000228235,-0.2141239943791581,-0.19331433821579286,-3.410806299345622,-1.5844109874705563,-5.546812343696359,-2.986267138680798,-5.072451956610065,-4.474931372703102,-4.267095654375181,-18.639126105817756,-17.39802287266331,-15.110968713091022,-10.715742411992185,-8.079090671535756,-26.04944469639977,-11.521605750091258,-4.9959484100893,-54.75584570092896,-3.59061940257702,-4.7845128031606325,-4.484168947982301,-6.475881175565139,-6.186969389967867,-5.591575781175124,-5.816288384010557,-3.0002237512964816,-7.01154824102176,-3.3866010241165156,-1.2362090967041888,-1.5577028742362407,-0.8256078982944366,-0.8450953436334812,-0.7025847659223605,-12.740404690439956,-12.549657026507688,-10.92599909153413,-6.058963804208529,-4.477026592945562,-6.270192581524782,-6.769221657603667,-16.96725955170884,-0.12628461795665638,-7.893061115906172,-1.2428558910015255,-2.390541320697531,-1.3841507402232482,-0.021840558928049703,-3.061566133797621,-10.859096135446833,-6.189582470534922,-10.240281472481438,-3.6002555735740738,2.5087631073612173,-7.7126623981052616,-27.10838956151823,-10.925894183661239,-18.453111922260824,10.942822051596204,0.48886924632496,0.5698057714183214,9.237952609228385,9.40006867866157,2.113893129695868,2.7949258277488482,0.7737219857507938,0.5381351683315447,0.42215802234904476,0.3910604156805278,4.185406994383195,2.2444819156195184,7.755187244139724,5.058575548447031,4.7879040598931315,4.181214274879128,2.831890843362887,8.51774454235683,6.308535740537063,11.149881636514088,8.275510417481065,8.99916333272639,17.44283396436097,19.058230282997155,11.243702523587912,31.842888092265383,10.089426153323245,11.679955449442625,7.242034958162204,8.602619760231079,9.50030384990222,8.692682269497192,8.928478213774092,10.413319299604758,32.780650487148236,12.44076896185803,0.7918169971886861,1.2579900268286917,0.9810139917866951,1.0573185026665557,0.7754113533419271,6.71210089657761,5.477574190281659,8.691646600193781,3.717889159450875,4.196333514964183,11.523671265370073,14.931223545309482,17.574003354582313,0.11335619558307596,7.473500799388144,1.8288526632719884,3.394649934353804,1.9543412907592923,2.9992366450668064,5.896562558211981,5.818941971198108,3.9589260161972115,5.6616323627595815,3.3250858170497595,8.149239011310543,10.133193852754566,5.161101790698121,6.913027023693562,5.208807185757919
2020-09,-10.763588665077133,-0.49438452896116075,-0.41860834527629875,-14.017232675632485,-13.408614640408796,-4.997252529942189,-5.921310241091805,-1.2888011278321274,-0.4404875944847433,-0.20197511600797943,-0.18040505151711042,-3.3568033565152287,-1.5485926495494349,-4.832621687446634,-2.480027564513417,-4.770534180546454,-4.211914021457912,-3.9939305675436914,-16.4026968206942,-15.309731896914593,-13.880191679426783,-10.14909737973463,-8.037591537052919,-23.84916732046615,-11.578704615030396,-5.333796484160289,-50.68578353659448,-4.073654424819861,-5.280604525575605,-4.520665528712076,-6.366862388374166,-6.167643501262075,-5.62561036937574,-5.822081812183266,-3.653874463907622,-9.826849803047889,-4.339039447070688,-1.1821084586040853,-1.4962711889244047,-0.7889159036273893,-0.7747998201587399,-0.64165923394511,-11.863415701634626,-11.639920731818625,-10.475004858896428,-5.9150485390991605,-4.393821046246855,-6.501907546832076,-7.448113736662605,-16.322955856213586,-0.12038197415677082,-7.592342775808709,-1.0392263333849023,-2.3082378779554853,-0.8436292393929962,-0.25186515941324217,-3.37161444191371,-9.706681535814882,-5.978481229534749,-8.709636339734306,-3.1845859012454327,2.7312591708399894,-6.804162792671797,-27.097075088612208,-12.217687158641093,-19.394780118098684,10.897736508141222,0.5013567188988703,0.5862612354818693,10.521876246118463,10.60635215744082,2.5056590430279853,3.378449974755992,0.9139921719576952,0.579220160970173,0.4357497092176231,0.405382084275427,4.240116608261708,2.281012562771459,8.55846743496087,5.754395535524354,5.095444469134632,4.4492164929691205,3.1479072162749486,11.572598573826276,9.135469424277419,12.742692917563343,8.873751690125932,9.041894119045537,20.83531473554757,19.651290652687095,11.051536556915366,36.339223603452645,9.788656262533976,11.35397462781743,7.248790045008386,8.734738977575118,9.563747224934911,8.700022425514994,8.963067783191846,9.99924747546187,30.859964925726434,11.78215063564531,0.8509967438509153,1.4061239046309009,1.062048970053003,1.1538744897750375,0.8617054225833479,7.665072341450833,6.510494468538992,9.148042977398651,3.9020070124020427,4.279786234348754,11.355558313626652,14.411723498980663,18.22139534524536,0.11930905125236382,7.79097534073327,2.0836588941365664,3.863885975330396,2.518486283668911,2.776105204940434,5.612804048014137,7.20255639457624,4.363349715841208,7.429537911300463,4.094414766764453,8.378699733794859,11.33728078714989,6.947195919138553,6.615235279739858,5.948284422006394
2020-10,-10.772660528218907,-0.49300435422315064,-0.4162885874588509,-13.902493054461281,-13.233244360933615,-4.930975070028142,-5.82684911208545,-1.2676309801653551,-0.4331384696619438,-0.19863159348482767,-0.17720806000035505,-3.3675617569651743,-1.554264100405267,-4.7138400691900095,-2.440596737982548,-4.741332152751097,-4.186289903657529,-3.9363326907925527,-16.120847638697366,-14.973455074914693,-13.298685687657784,-10.067348252140881,-8.059730695524728,-23.943551654006065,-12.015207614317426,-5.606985213584406,-49.99433612560443,-4.344023531838372,-5.567896742286237,-4.629086424760359,-6.450321939455705,-6.289162318252908,-5.716829482107057,-5.923340325501688,-3.9706420987832636,-10.891493626046142,-4.71552564557126,-1.1706192580812644,-1.516350186555733,-0.8116028151877895,-0.7816352112928211,-0.6447846736553108,-11.715444815441867,-11.471181260784425,-10.435339199687812,-5.853150682161406,-4.389091963784184,-6.659244272641853,-7.7402923620248725,-16.320309218781134,-0.11999133302089958,-7.5315152018434475,-0.6132575954763271,-2.141735028477716,-0.5578888572678742,-0.2636594757066457,-2.9141857740418953,-8.431081706983722,-5.91826521090278,-7.847351553841045,-2.8345002377757,2.8222113666398,-6.314906265380115,-26.497186035194456,-12.603117145613442,-19.384127124006444,10.888680955747844,0.5027778642407705,0.5887230497608089,10.698169569358939,10.826219542218098,2.621283392593351,3.5297878263464346,0.9454038036723014,0.589077055823997,0.4400750771617496,0.4094873611347627,4.230328734594219,2.2763641339958856,8.719649560435176,5.903555352606889,5.12524730216429,4.475405026466947,3.231037271494254,12.305391292031636,9.876996345466946,13.566673880669835,8.969938271731326,9.021031282615134,21.473120731796634,19.74537297069224,10.901062886626796,37.23235273392873,9.665054577750478,11.20235526221251,7.182607731829092,8.677295413850079,9.487840533488676,8.651542690254885,8.903738073399984,9.866011923693042,30.41343466522286,11.614344571281423,0.8654285137710317,1.4465516135083905,1.0677103446862044,1.160231162555762,0.8720318774148003,7.846915269793307,6.742735151011919,9.188077015970608,3.9962648658321753,4.284527433306986,11.252770326634277,14.239748572491775,18.227493188311612,0.11970057231096105,7.860892741546257,2.524909994395749,4.334389722645087,2.8110667961016675,2.767304636362695,6.102990369682042,8.560494172556957,4.579154645491206,8.371269024387384,4.669250153004867,8.480323102144032,12.023842189062718,9.043184013193699,7.290995315567759,7.481857939673627
2020-11,-10.781601418970236,-0.4903877644461321,-0.41253246466768734,-13.592503749583381,-12.959079255187344,-4.837303423968079,-5.691189983055696,-1.2356530412392017,-0.42282577584206643,-0.19447549392965416,-0.173087609627285,-3.3680395760277206,-1.5552605947138525,-4.5322200934762815,-2.3346619765199885,-4.684602592794036,-4.136623997345794,-3.856594663547528,-15.585797248148928,-14.424488879811072,-12.749636401928097,-9.925903461272009,-8.06749419821457,-23.64359704851584,-12.346579485491773,-5.846606499639249,-48.96018500520595,-4.617579205047457,-5.846323025712968,-4.722711879214529,-6.505895456361519,-6.389606222861042,-5.820383968474751,-6.020912667331407,-4.298398635319669,-12.047670460781074,-5.12170665957395,-1.154935431591087,-1.5123879725847056,-0.8166684665900957,-0.7713929561502183,-0.63456951438873,-11.500651081459392,-11.233138976868116,-10.354107135163607,-5.785090128536192,-4.3764427635073515,-6.8161177958869645,-8.054022364207535,-16.253139768965173,-0.11905320249013611,-7.447992916274012,-0.6504299556308824,-1.8688178316328816,-0.45046329839853283,-0.3577406769813929,-3.3066252336445583,-8.054931856696268,-5.55503675802308,-7.157963458858532,-2.4875317775998402,2.8177606732336384,-6.217115756139927,-25.20348548972699,-12.203025273714921,-18.527279160373293,10.879745834168325,0.5054206786734335,0.5925834659886602,11.056307006706975,11.134608073622456,2.7570033175132407,3.7127190237177894,0.9856341040525554,0.6014643290130584,0.44508945162085267,0.41438898849474126,4.230908633192949,2.276490080790576,8.934576074563562,6.094741843143311,5.18225886017116,4.525340967001798,3.332229519770919,13.206654407326223,10.756284600437052,14.309273087106288,9.122599296850469,9.014545003723727,22.342550731870002,19.853491442547316,10.774875924911429,38.42471696138994,9.52528371965116,11.047500611873476,7.129798310452882,8.647912844530826,9.432207590266223,8.589809813811396,8.847316066885837,9.702945443082687,29.795720406287234,11.391588983836268,0.883567327747116,1.4978299551102898,1.0844338118194572,1.180235188804314,0.8926352776455899,8.087760189185385,7.031825925132337,9.269477730910792,4.093957045266375,4.2972181016617705,11.146746242312066,14.033938945515773,18.299532828050733,0.12064274561749995,7.951855125661135,2.494879560372066,4.828419211260941,2.934067981166536,2.67529935267543,5.743311200997763,8.96421092279581,5.059157648126048,9.086627262022368,5.1567240244832435,8.489233984957838,12.27175445932126,11.477818994871146,8.615561477864592,9.549953563740566
2020-12,-10.798052656990675,-0.48618639270516867,-0.4060792404375772,-13.08431167599956,-12.462262801218307,-4.6286922876460554,-5.411725857210888,-1.1726579866667126,-0.40256518964629956,-0.18585630117665677,-0.16473496064091342,-3.379143393720094,-1.5627177233732108,-4.1895843409141795,-2.0545297197354477,-4.597419440958427,-4.060054030350344,-3.694494402128857,-14.305035847987702,-13.219150581718601,-11.87984540668604,-9.678888050953395,-8.09778707280049,-22.330561533475446,-12.603164327189047,-6.308307133295704,-47.03606639711055,-5.102632950086732,-6.3572930652980375,-4.9140548452680894,-6.64411474278842,-6.603098093878503,-6.0140695519495155,-6.216471926789303,-4.864426964196829,-13.992991185937342,-5.814856111209839,-1.1243344876592278,-1.464625472935976,-0.7873107197915526,-0.7290083312706328,-0.595636794518282,-11.111873935008493,-10.77748628532907,-10.232441207440882,-5.62385993293923,-4.3596068499680705,-7.11969743460911,-8.621983161185415,-16.193424413298082,-0.117759707727516,-7.290970844903089,-0.4539854565365018,-1.5714635837808977,-0.4608018869804391,-0.32168108728224665,-3.1906370249122356,-7.515341219418984,-5.3569677919433065,-6.905076097270706,-2.192648451725182,2.7599496429534973,-6.337412509005867,-23.685984372671065,-11.41272745627288,-17.325707428133455,10.863296667367232,0.5096348860895159,0.599097786387643,11.596291815354443,11.652850281673564,2.9956951951063413,4.024895893659208,1.0541284720953523,0.6231500206442261,0.4543382310296413,0.4233038670895303,4.220776336544024,2.2700712777858536,9.298642617650504,6.432743585024087,5.269563512398043,4.602021608242248,3.5093586166637767,14.735791664653222,12.185808765341829,15.31688864982712,9.376719345236525,8.985349494947371,24.047452905581217,19.96074821285874,10.40195468271583,40.45042962845384,9.14336683846167,10.631636592566384,6.971882236447079,8.532077614727728,9.256041106281984,8.430950603360838,8.68607514965437,9.26182024351188,28.245595060378648,10.834342604260982,0.9158716091337219,1.5815651950600143,1.1288507129414787,1.2286709968364,0.9382689879624725,8.492889191901149,7.521428709636295,9.39128361949566,4.2780941874353156,4.3141257396223605,10.883244980937201,13.547667475947154,18.36472055055298,0.12194451168021596,8.113920714064028,2.69809293026378,5.276973346400746,2.9459472124563977,2.713199010063356,5.887302864686622,9.512771348415475,5.338924708944797,9.348474133186466,5.53712045351049,8.44451258389169,12.26957302496877,13.803094984353157,10.11870614272614,11.632982448093468
2021-01,-10.798533571258798,-0.48507293170548943,-0.40350183794584404,-12.784867532477339,-12.225926872575338,-4.4774675185418475,-5.231939018590335,-1.1366926525996517,-0.3899675497317575,-0.1791772338593605,-0.15869008923107614,-3.4091595524685947,-1.5850099268736701,-4.0139021065494,-1.89549147877527,-4.595679131359204,-4.05754388770263,-3.5867350467409396,-13.529963580380583,-12.471705538835607,-11.15030651982642,-9.556287113960575,-8.145032598189871,-21.571506628401277,-12.970334785542962,-6.755725030518686,-46.05698720375724,-5.5537680190826375,-6.825098212948438,-5.1436418821010115,-6.85338458503209,-6.882655333285616,-6.273935184591043,-6.477071813870403,-5.361225467305576,-15.514733488307982,-6.3731870003028295,-1.104754178499974,-1.4368019340502027,-0.7715438991491375,-0.7073085833671688,-0.5730553220368129,-10.92566750348249,-10.519345487849229,-10.239517424487012,-5.467788798255768,-4.367931314671824,-7.426054593934248,-9.11064062265629,-16.346395912756975,-0.11821625739372602,-7.197753558923925,-0.5860674287699431,-1.316412248630841,-0.5168216004034605,-0.35539361614931764,-3.5239409889412006,-7.519039766848607,-5.049869279129562,-6.701498599761002,-1.9709936302903022,2.6899786824875886,-6.546328333433694,-22.334449238491473,-10.597400890340573,-16.189064853296333,10.862816573838192,0.5107511203448327,0.6016993511565975,11.912005294671602,11.899138489323194,3.165040158184256,4.2232442765852625,1.0930075943620232,0.636543543678998,0.46140929057758984,0.42968836634667956,4.191568022695488,2.24864796040643,9.484891440739167,6.6258882655765365,5.271381196545204,4.604586694260819,3.6258098178476943,15.648763465680142,13.057121415905758,16.13370533506201,9.502707521006158,8.938952428074987,25.04737321912508,19.89614029732875,10.015486480419636,41.47934781522883,8.761713539977745,10.227675938339532,6.766623004699579,8.339954190261412,9.004221467862463,8.196908226108608,8.450988322229287,8.847357707174009,26.972237567390614,10.362549190084215,0.9364193052666352,1.636464562558927,1.1546076042264015,1.2534238190063467,0.9644090753906946,8.68675205995999,7.797487644307563,9.384411691553623,4.4495957156433015,4.305896232404877,10.604615236109618,13.112466511115068,18.217221852810276,0.12149998246374902,8.209884419867421,2.572629493666919,5.632319635940379,2.911697571767427,2.681034194782898,5.5753512053552985,9.512877485533924,5.7014928796982405,9.556746136356645,5.811346486442478,8.3853005460835,12.151653855983431,15.702371493686792,11.442319663140516,13.37727235606539
2021-02,-10.795651210903316,-0.4850702893973247,-0.402728575634763,-12.663717306919189,-12.134877532899846,-4.395756372523754,-5.141087285140701,-1.120058269042054,-0.38371148571223895,-0.17538040664425317,-0.15537659536747073,-3.432821000380279,-1.602550665931298,-3.940164862325775,-1.8305859079326052,-4.613541980955937,-4.072390753015984,-3.5308542381593533,-13.175813514564636,-12.108116152953412,-10.695081252503984,-9.507563945977333,-8.179914247427796,-21.30627928732317,-13.310192135145956,-7.04503587799693,-45.64828098879176,-5.838125097999475,-7.119231907406705,-5.29992133383378,-7.003834219221826,-7.076993287282671,-6.451876939506445,-6.657345095568655,-5.667842580691316,-16.40807168711901,-6.705067642705023,-1.0948067854936208,-1.425634958674146,-0.7687040055053314,-0.6998428932761658,-0.5637618997270459,-10.852837508824377,-10.400380643043588,-10.27262286451234,-5.370450449887484,-4.37882412894047,-7.623571458956594,-9.407996662956247,-16.49125019859696,-0.11889587911541821,-7.152769382701674,-0.47570111552638417,-1.087059140877337,-0.587292214252737,-0.3163972927580061,-3.4972281069177775,-7.298957124312348,-4.898835206514881,-6.681461092271359,-1.7883169053106487,2.6196750711920904,-6.770952583241927,-21.099139715801826,-9.791809716421728,-15.113267891230855,10.86569956261658,0.5107551636986005,0.6024871012122355,12.043426958789016,11.996345787090501,3.2584496906015183,4.325967701825194,1.1114855916431272,0.6433077275159225,0.465460630121432,0.4332213810998624,4.168452250841634,2.2316946108415614,9.565235523082253,6.713282646468556,5.25357880004481,4.589782829128412,3.6872690736631695,16.090840816015586,13.499466557302936,16.644778814906157,9.553536291880041,8.90463860136207,25.473717110439516,19.80771221267245,9.766232072886929,41.919192576947076,8.52286067576758,9.975363382903955,6.626475564669459,8.200959827978865,8.828331732338878,8.036142513917085,8.287688429048492,8.594465968052639,26.239861685227954,10.086878376884078,0.9469860759780249,1.6689275308602567,1.1648421457201636,1.2627953953093956,0.9759485745032817,8.764325376259018,7.927783639737442,9.351462200789076,4.557061229210527,4.295071160795566,10.425364293432633,12.850031409428386,18.07614766616016,0.12082903429983993,8.256615460560187,2.6890983904343697,5.927201043512907,2.8593293213717788,2.7212518754208603,5.617391139117625,9.735268470148654,5.889384123335046,9.580202719553029,6.0266330619160176,8.323096763989174,11.995530201622417,17.30104402160969,12.596682989381726,14.860823679023952
2021-03,-10.797641598662837,-0.48409280815442723,-0.40081235299537477,-12.464076026867083,-11.968363407866804,-4.299790512079654,-5.023790137711679,-1.0958824111118397,-0.3754738368197709,-0.17124801641865112,-0.15157806804642188,-3.4482233774127624,-1.6138814448406895,-3.818759595138542,-1.7245774690336164,-4.603431830651648,-4.063043828803644,-3.4614031551936337,-12.66255541541456,-11.609799698228601,-10.25815348116938,-9.422551800205937,-8.205556468470228,-20.817713847460464,-13.562977952737356,-7.3013945351596945,-44.97178889741573,-6.09771206327429,-7.390058551803022,-5.4273866766420245,-7.116843281792069,-7.2303476666717525,-6.593847163839083,-6.799924933502588,-5.956322475653349,-17.31315554938311,-7.035575481343606,-1.0821313421069636,-1.4038651983888242,-0.757952437096503,-0.6837159865524732,-0.5477796027239485,-10.722094821177055,-10.227262209239665,-10.263039045581547,-5.277670955408409,-4.380989374656038,-7.799043635373944,-9.69560428828082,-16.557359879951928,-0.11897519592624148,-7.091421187606202,-0.6083605971101215,-0.8759522620027052,-0.6621832552937839,-0.3300286730626085,-3.740062320637693,-7.370967182191851,-4.65759268983014,-6.6149400609681965,-1.6302624023885777,2.5514291689195505,-6.994911604133684,-19.94850039310181,-9.001130909654282,-14.085068569793549,10.863709702053674,0.5117336026138553,0.6044130997640514,12.250012417257253,12.167023577373577,3.3623657592584877,4.451324504861762,1.136911030338772,0.6518903904053865,0.46976640873046865,0.4371693201594798,4.1534256674071965,2.220768419617596,9.691112872534774,6.8347180284163676,5.263737556907551,4.599165090439274,3.760510876007567,16.663675918825284,14.051135343978713,17.11896983899804,9.63997317181613,8.879386305017231,26.073324609391886,19.764131685820843,9.537208472068162,42.6167621254119,8.29428817355308,9.733053455732888,6.510051185749534,8.095809329711312,8.687615201767626,7.905935622231519,8.156735650726608,8.342559787972633,25.444180977234915,9.794604069117899,0.960082338696271,1.7076815438596378,1.1811207587433414,1.2801720128327032,0.993421733580653,8.898275560086066,8.108582639507226,9.361162763363946,4.656754618234954,4.292953679646691,10.262374075937966,12.586230990530085,18.012662331705204,0.12075587460565254,8.31914930973642,2.5615515211584405,6.1802933880113855,2.7982049174049255,2.708529492246223,5.385101435007476,9.664928717994822,6.1547335145226745,9.649481499215787,6.204808796002834,8.260614399106604,11.822234062958362,18.68729121396848,13.619507269530917,16.155881054993202
2021-04,-10.798256401877179,-0.48338783298278265,-0.3992029738191354,-12.28547772492269,-11.820726797337779,-4.204442137357272,-4.910739302746919,-1.0732754299819471,-0.3676288797596365,-0.1671257468876336,-0.1478416047889051,-3.466087871495237,-1.6270296759472633,-3.708542247960941,-1.6212481915127803,-4.601287291166715,-4.060580420302765,-3.3941361609252425,-12.164583727331173,-11.130451651942277,-9.832947484711413,-9.346772959903205,-8.234079746210533,-20.314703288827424,-13.803421630937503,-7.563379670053303,-44.359536026397535,-6.35939044206965,-7.663341809680566,-5.561847394101883,-7.240127991261694,-7.394130153341286,-6.744637135434462,-6.952028125700214,-6.243776003569893,-18.195764212082317,-7.360028587488874,-1.0699991528508728,-1.3810102397127824,-0.7458032472114426,-0.6677715161838562,-0.5317640612643822,-10.605797135893617,-10.065890475873953,-10.265661659185223,-5.180935440333449,-4.385685454030158,-7.979607495131975,-9.982933544739609,-16.646345539917217,-0.11922760002493824,-7.033839110296034,-0.5320469375712835,-0.7048871414334723,-0.7320201759699185,-0.29825950274285895,-3.74471715211432,-7.274895733163313,-4.546289366342038,-6.657322288461179,-1.510114445025153,2.4923063797352603,-7.199687231148189,-19.004705743409595,-8.3260032575125,-13.2268766696275,10.863095657871373,0.5124388503597856,0.6060272042921346,12.432560011983082,12.316890845459634,3.462618565492436,4.569199804330884,1.160239489370797,0.6599401024992009,0.47399729916305733,0.44099802103096664,4.1358285463828,2.2079088201883907,9.803811006395897,6.947766601809882,5.265946653753231,4.6016776160323545,3.8300684231784548,17.197039811785857,14.562021549131973,17.567683330246396,9.716526848002331,8.85113226830181,26.648054477902818,19.698102471754883,9.293155421441893,43.24067248756613,8.052786304899398,9.478287635408181,6.383019971555007,7.977929992721512,8.53241356102586,7.763128169658882,8.012529859244996,8.07866996109319,24.630514104456218,9.494388180441552,0.9724664106472216,1.7440492200858668,1.1972666310393147,1.2968086321046586,1.010292639681106,9.01630018072682,8.274380196607055,9.358669314025729,4.7579846643778145,4.288298302218768,10.090022774275079,12.314176576191585,17.92568466381473,0.12050892837539257,8.377425673583963,2.641997093512302,6.377308075756175,2.7380733599284786,2.740943222270884,5.387350818067929,9.76230243061033,6.281262103226907,9.609314138262723,6.3370932994625715,8.205360841426867,11.654299460150611,19.778206317437593,14.44276891935515,17.182017461965007
2021-05,-10.795924184450898,-0.4834419850956483,-0.39874289131589824,-12.198042054221915,-11.761755123312186,-4.146588688761382,-4.847658218416699,-1.061948605640033,-0.36336583142276546,-0.1644996438551523,-0.14556178234910394,-3.482589534406201,-1.6392695720588382,-3.659591464394489,-1.5726248053288918,-4.615238705895003,-4.072237046152412,-3.35557096158827,-11.908743870577792,-10.872142734115473,-9.542224060064644,-9.315015066151691,-8.258139429905135,-20.09255508127834,-14.037662934090665,-7.753342814650267,-44.09003161340648,-6.544975648074335,-7.855988610319925,-5.666847721885096,-7.34282661088041,-7.5254224760857555,-6.865534800390265,-7.074163397914187,-6.442211375402403,-18.768086957816507,-7.573896363353332,-1.0632400028568105,-1.3686298138215691,-0.7413800607171487,-0.6607581831392275,-0.5237699230053847,-10.558634757154294,-9.985521485088338,-10.290924787509045,-5.1120517949070186,-4.393655562477384,-8.111788121028734,-10.17865006595363,-16.74944614519093,-0.11972787630479945,-7.0037687856182345,-0.6469503478594695,-0.5701005630706577,-0.7917508907284778,-0.304207060008556,-3.902421588901345,-7.362283922029153,-4.389524214912945,-6.649599409038001,-1.4198589031114626,2.443681809154351,-7.375669327556941,-18.254025879544802,-7.774453226199887,-12.53605158955869,10.865428520397566,0.512384749181081,0.6064895218421892,12.522146617622592,12.377021994126308,3.5233176412970404,4.635016581874529,1.1719646048895727,0.6643185243970806,0.47668699288121114,0.4433313000915084,4.1194964769591955,2.195852282733128,9.854088985211128,7.002428843771885,5.252048710237945,4.590062253321428,3.869941247554468,17.47295145747061,14.83805366940062,17.87227185230394,9.748692612813922,8.82724036316036,26.9160046837476,19.609365841843367,9.114015419154637,43.51639844653435,7.87931391731825,9.296744279087125,6.282576507397248,7.878591671901901,8.406413612442911,7.647151528368808,7.895266256996527,7.894292041413877,24.098719110173384,9.294825255372293,0.9793683722915343,1.7672824708099295,1.2046907780894405,1.3041987395744787,1.0187620914993463,9.064364001949333,8.35718873296106,9.333506633520603,4.829565214173381,4.280356574718371,9.962808454682477,12.127547326614994,17.823910340926602,0.12001252818326458,8.407883338328105,2.530278698529502,6.52810187950977,2.684911434514337,2.7354360184786843,5.234087470437074,9.675890883455647,6.447668571135323,9.618738348921784,6.43475126830709,8.159268937546843,11.504872265827082,20.62032470271723,15.087894762547103,17.977860983643183
2021-06,-10.79474095503752,-0.4833831489579212,-0.39829098498530724,-12.129130099933317,-11.711170045927878,-4.103185340265254,-4.799092764097645,-1.0529427376915508,-0.360062361402022,-0.16255465205110337,-0.14385349225716937,-3.493764739897516,-1.647540799610353,-3.619121327887077,-1.5350981971407842,-4.622519065997525,-4.0782354823222455,-3.3261358628551316,-11.711509736076072,-10.670771164173988,-9.329291770810714,-9.288266946398988,-8.274759313216085,-19.931594449647758,-14.230482546493118,-7.888555769057827,-43.86661661732365,-6.677636161235585,-7.994016654872376,-5.740342404099558,-7.413757299902929,-7.616798653755589,-6.94960092053401,-7.159115527864934,-6.584948458279121,-19.18649556124665,-7.729629266824416,-1.0580434650367252,-1.3581042987238192,-0.7383586916337819,-0.6549455591360223,-0.5174083606073696,-10.51839748631695,-9.921532065668545,-10.30492708446867,-5.062404175006886,-4.398560398643013,-8.205776687640164,-10.320218105204306,-16.8163911159357,-0.12003028748435689,-6.980211858056899,-0.5846202774278535,-0.457131292338266,-0.8421132492083145,-0.2816807479123262,-3.910275860650434,-7.314066074851606,-4.319461389178918,-6.696008788004765,-1.3455808803802092,2.403022016516095,-7.52443737706928,-17.623781829575236,-7.305503211449151,-11.952087182709974,10.866612118412183,0.512443632986522,0.6069429191986179,12.592437500057635,12.428359963421643,3.568515905896774,4.685315994294997,1.1812247903611244,0.6676952619238583,0.4786719558165308,0.4450732824451419,4.108425659301664,2.1876938677401836,9.895413998584168,7.044000938416402,5.244799107185107,4.584087466147665,3.900203760611048,17.682992956070635,15.050680705861872,18.093813917669607,9.775704656662956,8.810724228914586,27.10795359274518,19.53799534589699,8.985546560611851,43.74382370858621,7.754210006048988,9.165646886674681,6.211910161827864,7.809739698128603,8.318317694042447,7.566135907816957,7.813333541641333,7.76033788440876,23.70573178827952,9.148056690299091,0.9846554548098617,1.7866285270682172,1.2100492809528502,1.3102499894746893,1.0254242236685858,9.105185919320967,8.422736590095306,9.319563046508136,4.880896640029331,4.2754687893487455,9.871914230293324,11.991664883480984,17.757773228587567,0.1197124348840453,8.431686933850546,2.5950631591833826,6.650935874874911,2.6388773155622323,2.7582572909436456,5.229055320810155,9.724826715797498,6.523826804474553,9.573591377724872,6.513588721752939,8.12023882544409,11.375158934448837,21.307232304751473,15.615550342801063,18.627214290252752
2021-07,-10.7946624262028,-0.4831206992198872,-0.3976154225479509,-12.047729753314355,-11.646758577848265,-4.058629213030048,-4.747044967281194,-1.042730869262122,-0.356480631751661,-0.16062159101315454,-0.14211530853773194,-3.5027351603886343,-1.6541481148946513,-3.5702877727611018,-1.4900009264492948,-4.623545426642163,-4.078837357925162,-3.2950971267024713,-11.488326775383122,-10.449972326609771,-9.1307073821769,-9.255032029244644,-8.288783219341251,-19.724478613665624,-14.392082360067558,-8.01159921205401,-43.595945835395746,-6.799798460857953,-8.12170113685332,-5.80473406163445,-7.473833978280094,-7.695738802141543,-7.022358400456866,-7.232491653245847,-6.718254472152379,-19.591209532731032,-7.87899985247183,-1.0524899724111472,-1.3456713748123925,-0.7336421358036962,-0.6475311434775881,-0.5098916683376502,-10.467574850146596,-9.84880327208094,-10.30926538341104,-5.015866423112788,-4.40140441631511,-8.291264192000328,-10.454048817353954,-16.86379623261016,-0.12019236618460596,-6.954177834717206,-0.6774386692398588,-0.36580351471986106,-0.8842779611002387,-0.2847696478912485,-4.01293848100996,-7.381480103778252,-4.212364023006632,-6.698148800473829,-1.2872089740211798,2.3695410444870095,-7.649887358684818,-17.111845065334485,-6.9186752729849,-11.474248606231649,10.86669090744756,0.5127061064328269,0.6076193672431227,12.674686752645497,12.493229389855893,3.6141960775667132,4.738442842814174,1.1915937975556474,0.6713225104223713,0.4806301071878514,0.4468325572677928,4.099522242888987,2.1811589955655255,9.944771441423379,7.091779095402343,5.2437942446363035,4.58350220987649,3.9317583410905708,17.914175141820905,15.278466631324523,18.297779699194848,9.809100635194637,8.796766583683162,27.33588817125682,19.47785892329721,8.866771711141924,44.01695053163551,7.63682337296694,9.042341144007336,6.149316751722033,7.75098968358561,8.241466382736588,7.4953206901123615,7.741880241150766,7.632572823412962,23.316991070874433,9.004324985218657,0.9902652938502617,1.8062497049219113,1.2165693935017523,1.317808347017167,1.0331246374796863,9.156364564279889,8.49642794454255,9.315264873789138,4.928498471095777,4.272636025014853,9.78838639445035,11.861418638559527,17.71089274527939,0.11955189457463869,8.457873800750574,2.5041091761751053,6.748203135587519,2.5994943958344185,2.7553620006626036,5.128145211750158,9.657926261944695,6.63472937095513,9.572371685003352,6.574725272790272,8.087781430419225,11.263346144085933,21.853487550283837,16.03838237812861,19.14484787370604
2021-08,-10.793780613371062,-0.48307361476555105,-0.3972709016548872,-11.994839749615661,-11.608202862128499,-4.025389986668916,-4.7099558311347,-1.0358580134339612,-0.3539661219604747,-0.1591442029419689,-0.14081743002071687,-3.511134728557306,-1.660358956468865,-3.5394229324040016,-1.4603997227729164,-4.628969551780895,-4.0833038050059995,-3.2726694451140865,-11.335761733708468,-10.295282807942641,-8.975245927673626,-9.234678780766789,-8.301288555987593,-19.59256573041035,-14.542293685978203,-8.112351559283557,-43.425699948585056,-6.898500897639863,-8.224570504807337,-5.8596459853962894,-7.526948115529001,-7.764045424229778,-7.085218878377608,-7.29600920348016,-6.8243408144930395,-19.9023229412771,-7.994886236319842,-1.0485406082276612,-1.3362881728581097,-0.7309248992485142,-0.642683751641846,-0.5047092892573232,-10.436915241252247,-9.800022525231627,-10.319724486269786,-4.978069345288125,-4.405083747140307,-8.361610910858184,-10.559854416621873,-16.914019109014465,-0.12041888269799092,-6.936296433492817,-0.6248531197417373,-0.29596271970966104,-0.9184091235150756,-0.26930417198998,-4.018855625997039,-7.357997945248435,-4.17242920947751,-6.739074803224854,-1.2442758553813706,2.3430626949388618,-7.753196335129024,-16.71771082591537,-6.615829225300384,-11.103782079472257,10.86757293627064,0.5127531939476123,0.6079642957969018,12.728033446938213,12.532019217894005,3.6480804685729358,4.77613662291599,1.1985522892561566,0.6738623562238909,0.48212201600523147,0.4481425176776338,4.091164659141395,2.174993615845609,9.975912491967156,7.123084874668979,5.238387512334264,4.579049401221972,3.9544770412750276,18.071252534306858,15.43703697576597,18.45638622321754,9.829537338184952,8.784302050857033,27.481396013560115,19.412479512555223,8.76856791678183,44.18848795346529,7.54095761055744,8.94206905151095,6.095495429080616,7.698690768306733,8.174433511009466,7.433644120325209,7.679535430197341,7.52975755694408,23.01516880124457,8.891731399209545,0.9942462199334018,1.8215018645359113,1.220687763849868,1.3227325647151225,1.0384075299572642,9.187206997864521,8.545732404987037,9.30483631375216,4.966926913512628,4.2689644175415635,9.719211473716678,11.757721990226424,17.66101176114181,0.11932645242730136,8.475839397923785,2.5581261754071107,6.821587653566764,2.567111503467255,2.7709527261640208,5.123300602400263,9.681768474375847,6.677027538003388,9.532101069365298,6.619338092317546,8.061934839953386,11.169785518699706,22.26819823622747,16.363039122888857,19.539269931046398
2021-09,-10.792754477608243,-0.4831252075026959,-0.39713653401620164,-11.964458350677916,-11.58855756246464,-4.004003826669965,-4.686982772541876,-1.031834330974094,-0.3524296510261306,-0.15817048699671057,-0.13997854724030254,-3.5175096053338284,-1.6650839577223535,-3.5225766406474324,-1.444661633142399,-4.635053262097401,-4.088413832029728,-3.2585931587557306,-11.247871540353058,-10.201098825735345,-8.869127275227774,-9.223983939896607,-8.310500123800631,-19.533079832526766,-14.675050876924766,-8.182517267301328,-43.333301895442055,-6.966606649907868,-8.295381395876797,-5.898982970464795,-7.565894253269886,-7.813451306499695,-7.130664110720359,-7.341969655594411,-6.896729394941557,-20.108954869503926,-8.07241234313323,-1.0460970298787788,-1.329799793889499,-0.7302017652609311,-0.6400184095505171,-0.5016667320407431,-10.421130548307111,-9.771561022839368,-10.33048180532311,-4.951961700845247,-4.4083240787891365,-8.41076464314584,-10.631640245860885,-16.954709992014564,-0.12062374079940397,-6.925596965489198,-0.6985403275959741,-0.241162619883601,-0.9454576490708143,-0.2713279074994528,-4.08224925071802,-7.407940277925793,-4.105217977606812,-6.743746155739052,-1.211108905970351,2.322181711299923,-7.836865365108919,-16.407807903504974,-6.376080964467442,-10.811514058925047,10.868599203786678,0.5127016021701071,0.6080988951601323,12.758680592903286,12.551799795627076,3.669846271094573,4.799463544622531,1.2026259037932927,0.6754136420871715,0.48310426583551125,0.44898849177050215,4.084814695168923,2.1702955954672873,9.992919098785274,7.139946309689719,5.232314388611027,4.573947685522981,3.9687237979228858,18.161821858454516,15.53348941303654,18.564350367940598,9.840280497209127,8.775114646425008,27.55001072072558,19.35067751238703,8.699905689598111,44.28163535187546,7.474524213672567,8.872789159511141,6.056803074090297,7.660227254317513,8.125781009140441,7.388899090738641,7.63426862814414,7.45929593429884,22.814000126730946,8.816142456220579,0.996708269283939,1.8328027862755225,1.2225240859442086,1.3254425260149416,1.0415086692226556,9.203097403784515,8.574499205788332,9.294097485309901,4.993406759373566,4.265728714648167,9.670749193416071,11.687178107603659,17.620524649475918,0.11912223936314417,8.486588030958838,2.4855332021913243,6.878509988527522,2.541146025501738,2.769008886543059,5.060560348075661,9.6320686067121,6.745723576826626,9.527886386070692,6.653540597912587,8.041440692423759,11.09309133825519,22.590463064226945,16.615981317808785,19.845969226852894
2021-10,-10.792370871064495,-0.48307839387895685,-0.3969208491848457,-11.933573261264977,-11.56553812326292,-3.9852826059501605,-4.66580438807437,-1.0278550201312133,-0.35099031627978294,-0.15734236635499835,-0.13924704240976754,-3.521996988997035,-1.6683977496552784,-3.5044160580093813,-1.4286480839186186,-4.637466272025555,-4.090376072869681,-3.245840112523344,-11.16325395339772,-10.112220527168517,-8.782683865679882,-9.211915323019118,-8.317251649787838,-19.470837631228495,-14.786735763110158,-8.237673787314458,-43.233027030295304,-7.020765136573504,-8.351906137817506,-5.9288084704516555,-7.594550943849984,-7.850444149418872,-7.164717350123172,-7.376367275004105,-6.955116323938386,-20.28161628641803,-8.13660697005391,-1.043844741108543,-1.3233327228828455,-0.7292776868897064,-0.6371501678881129,-0.4986510825371765,-10.402866096555664,-9.743303064585954,-10.335375558881655,-4.93104231118688,-4.410180311673506,-8.44930490911521,-10.69009971514556,-16.980895683041503,-0.1207366255872042,-6.915315729931911,-0.6528477387891921,-0.19726636924789043,-0.9670764381645561,-0.2611636245452382,-4.086146632190836,-7.392651273943812,-4.08224193808309,-6.772331414320099,-1.1847398537611147,2.3055010386560797,-7.905016889052106,-16.159493763527923,-6.183257281107068,-10.576823083802655,10.868982883299985,0.512748417019087,0.6083147332653027,12.78973270966834,12.574905644612338,3.688801818575722,4.820861459474549,1.2066364630591164,0.676862187280783,0.48393762842271915,0.4497243661788057,4.080342252144235,2.1669979770206065,10.011181070271798,7.156720804664392,5.22990728314531,4.5719900622101495,3.981582380804231,18.24812560545085,15.623778780197387,18.65191754145862,9.852379843390262,8.768377686807135,27.61850858133383,19.298363645144704,8.645663863061847,44.38238452666458,7.421384704470294,8.817197698006455,6.027367926943291,7.631861676698107,8.089243631984935,7.355269220079168,7.6002903417030225,7.402085273674153,22.644688753856194,8.753134295401706,0.9989720189589408,1.843225579202428,1.2243350147177814,1.3283384682093415,1.0445605977001553,9.221429280930414,8.602948325572582,9.289214219371303,5.014553034785662,4.263875184963971,9.632629433179343,11.629477624341995,17.59445975862213,0.11900972940508607,8.496899932190423,2.532077711882365,6.923667314742634,2.52019210703128,2.779223994826265,5.057057799363427,9.647521122021349,6.769630803190296,9.499618283823729,6.6805484123067025,8.024994848303791,11.029941104655258,22.846146382032142,16.816723245114346,20.089285766125876
2021-11,-10.792058739047697,-0.48303518511907223,-0.39673265169552274,-11.90680330398999,-11.54559431690796,-3.9691844274821957,-4.647578984080671,-1.0244233276106685,-0.3497517048107536,-0.15663234598175135,-0.13861927608335356,-3.525807556164921,-1.6712106760249705,-3.4887163028908716,-1.4146973966386,-4.639439670020717,-4.09197618021355,-3.234875855880872,-11.090187977498802,-10.035604033488823,-8.709738836847949,-9.20147238699883,-8.32299633323733,-19.41592494724556,-14.885713371011121,-8.284653727272369,-43.14633411432212,-7.066904196115709,-8.400084108034296,-5.95418740772935,-7.618914510279157,-7.88190805185738,-7.193684313261434,-7.405624445717151,-7.004876652577982,-20.42898826038413,-8.191387204549228,-1.0419080794674571,-1.3173925648346336,-0.728473911737525,-0.6346105170989135,-0.4960029502631311,-10.38704796840585,-9.718934911410267,-10.339423091058356,-4.91313852355625,-4.411739719074559,-8.482156529646025,-10.739993180280337,-17.00302886645886,-0.12083121575652257,-6.90646500158225,-0.7112035240004079,-0.16354011034564264,-0.9842051600300072,-0.2626018016304561,-4.125533841313776,-7.427168540510651,-4.038989636705634,-6.775509018325181,-1.1649862439380327,2.2924362400331915,-7.960347373776879,-15.96796463716409,-6.0331652922473165,-10.395100466686994,10.869295066823788,0.5127916261597888,0.6085030103327433,12.81659728968477,12.594897060795956,3.705037690650597,4.839214028193633,1.210085987112734,0.6781061147383178,0.48465073783698287,0.4503546935206191,4.076540862083981,2.164194992850134,10.026937647677247,7.171177088052183,5.227938001905681,4.570393196368686,3.9926079918522377,18.32218599932083,15.701208822098895,18.725527357840093,9.862839837469647,8.762641870692887,27.677658805754664,19.249086028007937,8.599231882532452,44.46934288420449,7.3758544476089485,8.76957691080036,6.0022247514074465,7.607675133444574,8.058055595864495,7.32655862869135,7.571287176392009,7.353025469362148,22.49929638120014,8.699056605727362,1.0009153179575108,1.8524200731591232,1.2258442525728028,1.3308936460581737,1.047229398613896,9.237284652819818,8.627425466213202,9.285173786953935,5.032592294262364,4.262317516454194,9.600029914525004,11.580035345885591,17.572402280053137,0.11891538245707013,8.505768261214468,2.4743862860266566,6.958133311467289,2.5034663031316526,2.777817863768356,5.017906262961591,9.613112362583704,6.813468348928708,9.496660055446842,6.700695255682238,8.01207078180464,10.978203538525634,23.042012842868868,16.97150734309409,20.276098452556155
2021-12,-10.791578863222798,-0.4830542259080085,-0.3966569552241881,-11.891105607406317,-11.535172346409484,-3.9583147620948087,-4.63580925707958,-1.0223425386685094,-0.3489640042878718,-0.1561398133719538,-0.13819357735064677,-3.528948635888786,-1.6735367145385642,-3.4798949609192245,-1.4070874073032553,-4.642294377579152,-4.094369069421059,-3.2276881769551373,-11.046709090601379,-9.987073516095492,-8.657500585039426,-9.195838559853907,-8.32755762924407,-19.39228125065927,-14.975002265421098,-8.319504483824339,-43.09791864707121,-7.100748317250331,-8.435318056720723,-5.9736678991779035,-7.638158453096623,-7.906346673137982,-7.2161626351666435,-7.428358015965026,-7.040891254487818,-20.53225457564203,-8.230102537789522,-1.04065892342514,-1.3129157704154166,-0.7285246474908802,-0.6331387422086416,-0.49436870509635145,-10.378692155454173,-9.704215013804363,-10.344519358132226,-4.900012765026846,-4.413304505882743,-8.506611746071105,-10.775843386847315,-17.022882474348126,-0.12092975375285392,-6.900967400666816,-0.672008341022599,-0.13795997383377223,-0.9975116733776594,-0.2559903313728149,-4.127261370117076,-7.41777036483373,-4.027788383409975,-6.795926348426428,-1.1503414202854363,2.282376337863933,-8.004723649446305,-15.822237355821107,-5.918171482683341,-10.256443638953627,10.869774976657348,0.5127725854915458,0.6085787465752546,12.832346941636903,12.605344437386035,3.7159858128808563,4.851055103163197,1.2121766360244992,0.6788967875249216,0.48514503198598247,0.4507818452731972,4.073405214983242,2.1618748439205353,10.035789848324933,7.179124124178221,5.22508598874035,4.56800243910124,3.9998302139194024,18.366239203268933,15.750193741794966,18.77814655891027,9.86848283818292,8.758085782747093,27.704186429755726,19.20141427213945,8.56469836968255,44.51790229612368,7.342361940930295,8.734664541797388,5.98288176234225,7.588535062110878,8.033778273610782,7.304230179727194,7.54870213574303,7.317414270801965,22.39716186018706,8.660743701176957,1.0021681971963683,1.859577545374763,1.226359544906403,1.332373928179545,1.0488751120874273,9.24566039257226,8.642205575952493,9.280082066924711,5.045796249319363,4.2607537997991995,9.575720753477594,11.544444520258205,17.55259426652145,0.11881699519649724,8.511275649774612,2.514107159034445,6.9841474379214565,2.4904014917856223,2.784449473292235,5.016318778910025,9.62258202972634,6.825039868875603,9.476393512757303,6.7155849205135425,8.002094666913944,10.936414162723317,23.1902907580773,17.089273269661533,20.417753924431153
2022-01,-10.791260904352852,-0.4830620096567292,-0.39659474358575253,-11.879237466696395,-11.527123045765578,-3.950346692508837,-4.627088223531816,-1.0207827865780852,-0.3483788526627567,-0.15577952666936892,-0.1378809635269174,-3.5311826820507277,-1.6751901444550088,-3.4731835748836897,-1.401797620746239,-4.644195688573104,-4.095958120133876,-3.2223774228754154,-11.015519091520328,-9.95097356201078,-8.619413058647588,-9.191516969422645,-8.330820306798884,-19.37973710043343,-15.052796161937806,-8.344677524671198,-43.06104001479284,-7.125235680938787,-8.46082722933183,-5.987665821248377,-7.6519280631169275,-7.92387575340634,-7.232288234254004,-7.444663322132946,-7.067004120939407,-20.607538982755496,-8.258288173849735,-1.0397334451654723,-1.3090957228195086,-0.7288467039476058,-0.6320251445230649,-0.493147079746327,-10.372253572251623,-9.693173863969397,-10.347959146669975,-4.89049691538264,-4.414388178342194,-8.524272679374985,-10.801880296652204,-17.036832704917472,-0.12099767430707009,-6.896866470754804,-0.718201974627275,-0.1179423087075806,-1.0078540971770589,-0.257128295130598,-4.151229492617968,-7.440750891304962,-4.000438470679825,-6.797161447644818,-1.1389229223432777,2.27454161251596,-8.040348082687618,-15.70824213143425,-5.828177949784165,-10.14792638013349,10.870092954103471,0.5127648018028119,0.6086409835110699,12.844246474450529,12.613409329750041,3.7240006281715288,4.859818741703101,1.213742322917051,0.6794837174029076,0.48550636131454916,0.45109532150461906,4.071174319395882,2.160224828301467,10.042519991996638,7.184644230227928,5.2231861566344815,4.566414555406965,4.005161556474329,18.397782962325397,15.786565702765895,18.81645822775637,9.872810034678986,8.754826138551206,27.71872857326443,19.158476292566625,8.53971155132831,44.554868495601596,7.3180812471689345,8.70934445817467,5.968964232246905,7.574825981648636,8.01634336864624,7.288192093525226,7.532483545376165,7.2915388927202205,22.322546376672985,8.632795666907715,1.0030958990223409,1.8656081360274428,1.2264937571131846,1.3334926412320491,1.0501035993022585,9.25211118731114,8.65328298535198,9.276644804145871,5.055358076570178,4.259670734922261,9.558145524332403,11.518560455900868,17.538670230035287,0.11874915989534188,8.515382452815155,2.468330641307359,7.004420230269367,2.4802034415494534,2.783324129665157,4.9924337964649,9.59964795052915,6.852627300147976,9.47526196828959,6.727157542423289,7.99430971989429,10.902657188238145,23.30578795981312,17.180904691091673,20.528039264734808
