MONTH,Production (left),Shipbuilding (left),Automotive (left),Semiconductor (left),Capital Investment (left),House Construction (left),Unemployment (left),Recruitment (left),Job Search (left),Wholesale and Retail (left),Government Expenditure (left),Price Outlook (left),Stock Price Outlook (left),House Price Outlook (left),World Trade (left)
200501,0.0118622671077834,0.000587671948459,0.007335016541877,0.003156016019502,0.0091850948981369,0.0307765975970746,0.0024377503047188,0.0043313599164199,0.001175343896918,0.0015018283127285,0.0227886122235765,0.0007835625979452,0.0096639387079924,4.3531255441399993e-05,0.0018500783562598
200502,0.0158199759828748,0.0003654779930037,0.006683026157782,0.0074400877147183,0.0062914425938496,0.0362867435910823,0.0005743225604344,0.0053777476113403,0.0008092726987939,0.0005482169895056,0.0180911606536834,0.0016968621103743,0.0127656241842008,0.0005221114185766,0.0014880175429436
200503,0.0153915977662449,0.0005130532588747,0.0034532430885805,0.0005722517118218,0.0062947688300412,0.0362491860212719,0.0012826331471871,0.0072222112595457,0.0014207628707303,0.0017956864060619,0.0206207944432385,0.0017364879531148,0.0076957988831224,0.0002170609941394,0.002466602206129
200504,0.013759965054057,0.0005023479305449,0.003407229441957,0.000131047286229,0.0046958610898765,0.0455826143933602,-0.0002402533580866,0.0038440537293874,0.0012449492191764,0.0017909795784646,0.0171235120672709,0.0030140875832696,0.0058752866659386,0.000546030359288,0.0014196789341486
200505,0.0142820870889933,0.000423172950785,0.0046549024586349,0.005014599466802,0.0044433159832424,0.0428039439719013,0.0011002496720409,0.0052473445897339,0.0011848842621979,0.0039355084423004,0.0212855994244847,0.0019254369260717,0.0068130845076381,0.0005289661884812,0.0011425669671195
200506,0.0124723713293338,-0.0001578781180929,0.0058865984031756,0.0041724931210249,0.0053227479814154,0.0457621002300509,0.0005187423880194,0.002954576210023,0.0007217285398529,0.002954576210023,0.0238170418151472,0.001172808877261,0.0076683657359376,0.0008796066579458,0.0017366592990211
200507,0.0170434537643496,0.0001878066530507,0.0125595699227645,0.006432377866986,0.004836021316055,0.0419513111251966,0.0004695166326266,0.0071836044791886,0.0014320257295114,0.0044369321783224,0.0199779327182665,0.001549404887668,0.011972674131981,0.0001408549897881,0.0016433082141935
200508,0.0169882896255979,0.0004712424306684,0.0094012864918358,0.0040055606606819,0.0059140925048891,0.0457105157748403,0.0005183666737352,0.005018731886619,0.000777550010603,0.0027332060978771,0.0179778987300016,0.0028510167055441,0.0092834758841685,0.0002120590938007,0.0022148394241418
200509,0.0178915496834571,0.0003211303789337,0.0101614827048352,0.0047022662629599,0.0059409120102761,0.043627855766584,0.0005046334526104,0.0041976328103496,0.0012157078631066,0.0016974034315075,0.023534269199009,0.0021561611156987,0.0121800165152766,-0.0009175153683824,0.0023396641893752
200510,0.0186892313337002,0.0002522472940745,0.0057558246193359,0.0022472940744817,0.004746835443038,0.0379976151164923,9.172628875440004e-05,0.0034168042560998,0.0003210420106402,0.0027288570904421,0.021716198862594,0.0043799302880205,0.0077508713997431,-0.000114657860943,0.0027976518070079
200511,0.0157529789287077,0.000516123241254,0.0077867289006575,0.0045777887485132,0.0063056795996678,0.0408186163409106,0.0004039225366335,0.0039270246617148,0.0009873662006597,0.002423535219801,0.018759957812535,0.0030967394475238,0.0111527500392702,0.0005610035231021,0.0032762605749163
200512,0.0185011653331412,0.0002883298493476,0.0107402868882001,0.0047093875393449,0.0095629400033639,0.0436339172012782,0.0012254018597274,0.0070400538215719,0.0023546937696725,0.0034359307047263,0.0201830894543357,0.0041327278406497,0.0114130565366779,-0.0001441649246738,0.0031235733679329
200601,0.0199759615384616,0.0001923076923076,0.0069471153846154,0.0076923076923076,0.0114903846153846,0.043701923076923,0.0001201923076923,0.0052403846153846,0.0010817307692307,0.0029326923076923,0.0197115384615384,0.0021874999999999,0.0121874999999999,0.0003365384615384,0.002764423076923
200602,0.0132871436059895,0.000296282790528,0.0045581967773549,0.0012535041137726,0.0055382090844862,0.0451261480958133,0.0009572213232444,0.0050595984228639,0.0007521024682635,0.0022335164209039,0.0188025617065888,0.0021651434692436,0.0057433279394671,0.0005469836132825,0.0015953688720742
200603,0.0135213364207741,0.0004961958319549,0.0036594442606682,0.001219814753556,0.005003307972213,0.048172345352299,0.0010750909692358,0.0062644723784321,0.0013645385378763,0.0010544161429044,0.0163951372808468,0.0021708567648032,0.004775884882567,0.0005788951372808,0.00099239166391
200604,0.01270315306542,0.0004760977298795,0.0042415979571079,0.0026834599320479,0.004176675539397,0.0418316778116817,2.1640805903600215e-05,0.0040035490921682,0.0010603994892769,0.0022073622021684,0.0150836417148174,0.0020125949490358,0.00802873899024,0.0005193793416866,0.0019476725313251
200605,0.0113649226868307,0.0006791786466234,0.0021507323809739,0.0034864503859997,0.002761993162935,0.0442824477598424,0.0003395893233116,0.0033506146566752,0.0010640465463766,0.0010414072581558,0.0158475017545448,0.0033958932331168,0.0055239863258698,0.0003622286115323,0.0004527857644154
200606,0.0124018838304552,,0.0047320026911863,0.0027136129176946,0.003767660910518,0.0403229423637586,-0.0001569858712716,0.00354339538013,0.0009867683337071,0.0013231666292891,0.0179412424310383,0.0054496523884279,0.0023547880690737,-0.0001121327651939,0.0008297824624356
200607,0.0122861514210209,0.0008345310399183,0.0048680977328574,0.0029440400574899,0.0050999119106124,0.0397329500672261,0.0004172655199591,0.0057953544438776,0.0013213408132041,0.001135889471,0.0196578422736334,0.0052158189994899,0.0050303676572858,0.0005099911910613,0.0011590708887755
200608,0.0096569250317661,0.000831696892688,0.005406029802472,0.0059604943975974,0.005036386739055,0.0464595125332101,0.0010396211158599,0.003165068730507,0.0013399561048862,0.0012013399561049,0.0199607254245119,0.0039043548573409,0.0072080397366293,4.620538292709987e-05,0.0006006699780523
200609,0.0097214806905143,0.0007786082932906,0.0062956042000355,0.0068295070297206,0.0064735718099306,0.0478510411105178,-0.0003781811710269,0.0061843744438512,0.0012680192205019,0.0010010678056593,0.0220679836269798,0.0024915465385299,0.0062956042000356,0.0001112297561843,0.00213561131874
200610,0.008694217991612,0.0004476697610856,0.0056783374958766,0.0034871118231939,0.0047829979737052,0.0480420338344093,0.0001413693982375,0.0016493096461053,0.0006126007256963,0.0015550633806135,0.0180481598416662,0.0022619103718014,0.0056312143631309,0.0004476697610857,0.001060270486782
200611,0.0122457041279873,0.0003752715781156,0.0040687339522023,0.0029824214892356,0.0049180327868853,0.0536045822634801,0.0012048192771084,0.0045822634801502,0.0007505431562315,0.0003357693067351,0.018171044835078,0.0010073079202054,0.0065573770491803,0.0015405885838436,0.0027256567252617
200612,0.0123665345548263,0.0001516037511099,0.0045264548545687,0.0021874255517293,0.0051761852164685,0.0500725532237454,0.0008663071491996,0.0042882203885387,0.0016459835834795,0.0019708487644294,0.0181707924544647,0.003291967166959,0.0064756459402681,0.0002598921447599,0.0021441101942694
200701,0.0115486595305902,0.0003928115486595,0.004183442993224,0.0014337621526073,0.0053815182166356,0.0458607483060002,0.0004124521260924,0.0039281154865953,0.0012569969557105,0.0012373563782774,0.0186781891387606,0.0021604635176275,0.0045762545418836,0.0005499361681234,0.0014337621526073
200702,0.0113136669981218,4.419401171140003e-05,0.0069163628328362,0.0012595293337752,0.0043089161418627,0.045851287150591,-0.000441940117114,0.0033145508783559,0.0017014694508894,0.0009280742459396,0.0164622693625013,0.0023864766324164,0.0064302287040105,0.0001104850292785,0.0019445365153022
200703,0.0109125117591721,0.0003951081843838,0.0046472248353716,0.0025399811853245,0.0034054562558796,0.0445719661335842,-0.0002069614299154,0.0028410159924741,0.0010348071495766,0.0011288805268109,0.0163687676387582,0.0020696142991533,0.0045531514581374,0.0005832549388523,0.0016556914393227
200704,0.0146664735279207,0.0010864054465125,0.0074237705511695,0.0017382487144201,0.0044542623307018,0.0398167596146882,0.0005432027232562,0.0054863475048889,0.0008148040848845,0.0017382487144203,0.0260737307163033,0.0021184906206995,0.0084920692402404,-5.432027232560007e-05,0.0044361555732599
200705,0.0134013366162504,0.000756243404854,0.0069996482588815,0.0024621878297572,0.0062609919099543,0.0390256771016531,0.000316567006683,0.0049771368272951,0.0013366162504396,0.0006507210692929,0.0177453394301793,0.00239183960605,0.0076855434400281,-0.0001582835033415,0.0025325360534646
200706,0.0172788234397622,0.0004953135715918,0.0090489979425435,0.0048959841499656,0.0050483883258401,0.0408633696563285,0.0001524041758744,0.0040387106606721,0.0010477787091366,0.0016573954126342,0.0180027432751657,0.004095862226625,0.0097729177779471,0.0002857578297645,0.0023241636820849
200707,0.016722100736875,0.0009555486135357,0.0085448097171944,0.0044286003050405,0.0064132012716147,0.0297322626288612,-5.512780462699988e-05,0.0050350061559381,0.0014700747900549,0.0017457138131902,0.017071243499513,0.0040243297377754,0.010382403204763,0.0,0.0026461346220989
200708,0.0119411112623738,0.0008168186856998,0.0057177307998989,0.0027032808883876,0.0044341585795134,0.0351426515490382,0.0008362667496449,0.0023532157373733,0.0010112993251522,0.0014780528598378,0.0158501721153659,0.0019253583305782,0.0048620159863086,-0.0003111690231238,0.0007779225578094
200709,0.0136922150614366,0.0007136007849608,0.0059764065740472,0.0015387016925719,0.0036349039983944,0.0447784492562941,-0.0001115001226501,-0.000869700956671,0.0004906005396606,0.0014718016189817,0.0213634234997658,0.0035903039493343,0.0055081060589167,0.0,0.0025645028209531
200710,0.0133798273372453,0.0006144582014808,0.0047159666963654,0.0005837352914067,0.0039939783096254,0.0349319487541859,0.0008756029371101,0.0048081354265876,0.0010138560324434,0.00216596516022,0.0170819380011674,0.0042704845002919,0.0069126547666595,-6.1445820148e-05,0.0019509047897015
200711,0.0120507788544093,0.0002913038145468,0.0052894640009813,0.0005059487305287,0.003986262725377,0.0403225806451612,0.0008585796639274,0.0036183000122653,0.0006439347479454,0.0016864957684288,0.0186741076904207,0.0047375199313136,0.0041395805225071,0.0001073224579908,0.0016098368698639
200712,0.0183593050331363,0.000250761239477,0.0057316854737595,0.0013791868171234,0.0052301629948057,0.0413039584452803,0.0013075407487013,0.0043345871395307,0.0010567795092244,0.0017195056421279,0.0191653233028837,0.0082034748343185,0.0047107289987461,0.0003044957907934,0.0024001432921369
200801,0.0122845343548,0.000389035192722,0.0034713909504428,-0.0004638496528609,0.0060450083792195,0.0311976298779028,0.0015860665549437,0.003396576490304,0.0014813263107494,-0.0008379219535552,0.0202447929135743,0.00745152022983,0.0028878381613598,-0.0003591094086665,0.0014214747426382
200802,0.0143150418909172,0.0003329079509514,0.0058443840278163,0.0014241062346262,0.0036989772327951,0.0286300837818343,0.0006658159019031,0.0009802289666907,0.0010911982836746,0.002311860770497,0.0170337901570215,0.0083966783184449,0.0029406869000721,7.397954465589998e-05,0.0012946420314783
200803,0.0127142560080799,0.0007278020378457,0.0051243204705463,0.0003713275703294,0.0043816653298874,0.0289189911772569,0.0002376496450108,-0.0009803047856696,0.0008020675519116,0.0005644179069008,0.0213439087425363,0.0080652348275554,0.0029409143570091,-0.0002970620562636,0.0014407509728783
200804,0.0133333333333333,0.0006946017365043,0.0081238203095507,0.0017667044167609,0.0039260098150246,0.0284786711966779,0.0015855039637599,0.0017969044922611,0.0011627029067572,0.0010419026047564,0.0223329558323895,0.0064477161192903,0.0046659116647792,-0.0001963004907513,0.0015553038882597
200805,0.0139431644105418,0.0004064151061369,0.0078000437677807,0.0024853846875293,0.0028136430424859,0.0298246162503517,0.0003282583549567,0.0011254572169943,0.0010629318160503,0.0012348766686467,0.0224309875887079,0.0091756025885516,0.0049238753243504,-0.0004220464563729,0.0015787663738394
200806,0.013594928376193,0.0001001731564562,0.0050372787246525,0.0011734569756292,0.002876400635384,0.0317405801456803,0.0010875942700954,-0.0004293135276691,0.0006725911933485,0.0013738032885416,0.0306386754246626,0.0119062951673606,0.0022324303438802,0.0,0.0019891526782009
200807,0.0100567336676803,0.0002369387513328,0.0037120404375468,-1.3163263962900212e-05,0.0022114283457727,0.0287617317590069,0.001355816188182,0.0024746936250312,0.0020929589701061,0.0011188774368492,0.0266292829970119,0.0088852031749793,-0.0001447959035922,-0.0003948979188879,0.0011715304927009
200808,0.0086638848390394,-8.378998877210002e-05,0.0019439277395137,-0.0004021919461062,0.0031002295845692,0.0363480971293549,0.0006870779079314,6.703199101770058e-05,0.0009049318787391,5.027399326319997e-05,0.022070283042582,0.0059155732073132,0.0008546578854758,-0.0001675799775443,-0.0004357079416152
200809,0.0028839613658005,2.7207182696299995e-05,0.0004761256971839,-0.0006529723847095,0.0041899061352197,0.0307713236294381,0.0015916201877296,0.0007618011154945,0.0005849544279689,-4.081077404439982e-05,0.0381308665487688,0.0028431505917562,0.000476125697184,-0.0004217113317916,-0.0007345939327982
200810,-0.0009040124243758,-0.0002317980575323,-0.0036392295032567,-0.0022368512551865,0.0012980691221808,0.0296469715583783,0.0021209522264202,-0.0017153056257389,0.0008576528128694,-0.0016805359171089,0.0502654087758744,0.0012632994135509,-0.0011937599962912,-0.0006258547553371,-0.0031292737766857
200811,-0.0017170595677657,-0.0002323840016525,-0.006429290712386,-0.0018978026801621,0.0008649848950399,0.0386661158305146,0.0040667200289189,-0.0038988871388365,0.0012264711198327,-0.0016783289008236,0.0541971132742905,0.0004647680033049,-0.0004389475586769,-0.0005551395595031,-0.0024529422396654
200812,-0.0078343592613318,-0.0002797985450476,-0.0076817418731241,-0.0025054687897441,0.0012336572213461,0.0306125044513404,0.0031922470366789,-0.0037772803581422,0.0009792949076665,-0.0011827847586101,0.0607671567380576,0.0002925166607314,0.0010301673704024,-0.0007376507096708,-0.0041333875972934
200901,-0.0056778839495915,0.0002492729538844,-0.0040299127544662,0.0004431519180168,0.0012048192771083,0.032696302451184,0.0045284586622351,-0.004930065087938,-0.0010940312976042,-0.0031159119235563,0.0529428057055809,0.0008724553385957,0.0018280016618195,-0.0007893643539676,-0.0027004570004154
200902,-0.0022067216233353,0.0001014584654407,-0.0022447685478757,0.001280913126189,0.0006975269499048,0.0279264426125554,0.0037539632213062,-0.0027013316423589,-0.0008877615726062,0.0003804692454026,0.0563601775523145,0.0006594800253646,0.0015979708306911,-0.0002409638554216,-0.0039061509194673
200903,0.0010325482142651,-0.0001950368849167,0.000206509642853,0.0026157888094719,0.0019503688491676,0.0293128965271961,0.0039122104562716,-0.0011243302777554,0.0003441827380884,0.0007686747817308,0.0630772231336691,0.0012161123412456,0.002661679841217,-0.0002294551587256,-0.0015373495634614
200904,0.0042842014056032,2.4068547222500034e-05,0.0024309232694714,0.0032853566958697,0.0017088668527968,0.0300736497545008,0.00270771156253,0.0003008568402811,-0.0009627418888995,0.0002166169250025,0.0469336670838548,0.0009988447097332,0.0060171368056225,-0.0002527197458362,1.203427361130046e-05
200905,0.0077651357860643,-6.920798383300004e-05,0.0003598815159316,0.0016886748055255,0.0014810508540266,0.0295241259031641,0.0022838634664895,0.0006367134512637,-0.000622871854497,-0.0006782382415636,0.0423552861058051,0.0012595853057608,0.0053705395454419,0.0002629903385655,0.0004982974835977
200906,0.0108262895467276,0.0001632735082452,0.005965762801271,0.0027630901395361,0.0021476746084576,0.0294771479885959,0.0024365431230453,0.0004019040202962,-0.0006530940329812,0.0018713655945039,0.0389218924655555,0.0024239836224112,0.006016000803808,2.5119001268499995e-05,6.279750317129962e-05
200907,0.0134678101219954,6.0393767363199976e-05,0.0103514917260538,0.0061118492571567,0.0048315013890566,0.0305109312718927,0.0032612634376132,0.0018359705278414,-0.0001811813020896,0.0018963642952047,0.0426500785118975,0.0017755767604782,0.0074888271530378,0.0003019688368159,0.0012803478681
200908,0.015319219409865,-0.0001104087885396,0.0112478953324685,0.0049683954842805,0.0031052471776753,0.0346959617985591,0.0,0.002912031797731,0.0011178889839632,0.0006072483369676,0.0390433078473046,0.001421513152447,0.0074801954235558,0.0003312263656187,0.00253940213641
200909,0.0160173570768027,-0.0002252626087781,0.0089630806440139,0.0051336162947857,0.0047305147843406,0.0356744836743888,0.0010314656296682,0.0046593792236738,-0.0003082540962226,0.0021222108932255,0.0391245583667275,0.0022881938681147,0.0062717852654542,0.0007232115334456,0.002039219405781
200910,0.0161144123275253,-0.0001133044616779,0.0072892537012791,0.0050987007755061,0.0038649410816798,0.0346963440427031,0.0006924161546982,0.0029333266189948,0.0010323295397321,0.0014226004632894,0.036484036660288,0.0013092960016115,0.0046580723134254,0.0004028603081881,0.0016492093866451
200911,0.0130519017028653,-0.0001147139798102,0.0080682165799939,0.0037218313449576,0.0044993372081167,0.0349367798511267,0.0013255837666973,0.0056719690017334,0.0007137758743754,0.0029953094728255,0.035484857754665,0.0016059957173447,0.004741511165494,2.5491995513400004e-05,0.0031992454369327
200912,0.0150560489890938,-0.0001897821301145,0.01024823502619,0.0057314203294617,0.0063007667198056,0.0348313469470381,-0.0014929527569016,0.0068827652521572,0.0016194741769782,0.00289734051975,0.0388167716794453,0.0030365140818341,0.0055922467673778,0.0005440421063286,0.0037956426022925
201001,0.0159869583681521,-5.479677247009995e-05,0.0076167513733441,0.0049591079085442,0.0065482143101771,0.0337822102278175,0.0015069112429278,0.0088359795608039,0.0006575612696412,0.0012740249599297,0.0379878625148978,0.0025343507267422,0.0053700837020699,0.0009726427113443,0.0027809362028576
201002,0.0150461944566652,-0.0002199736031676,0.0099134770494207,0.0029183164686905,0.0041208388326734,0.0319988268074497,0.0016131397565626,0.0041355037395512,0.0007919049714035,0.0011731925502273,0.0321748056899838,0.0024783692623552,0.0031236251649802,0.0002639683238012,0.0031676198856136
201003,0.0126471386619943,-8.637070305759999e-05,0.0096118253831157,0.0065271574167755,0.0049231300742788,0.0362756952841596,-0.0005675789058065,0.0102904523357105,0.0023937023418799,0.0019124941391308,0.0315253066159958,0.0026898304666486,0.0044419218715297,0.0002097574217112,0.0023937023418799
201004,0.0182987314591138,3.501032804680004e-05,0.0136773681569395,0.009604499994165,0.0071771172495886,0.0374377107913501,0.0003734434991655,0.0112149750843166,0.0022756713230403,0.0035010328046774,0.0293269847938475,0.0029175273372312,0.0062435085016746,-0.0001167010934893,0.0044696518806381
201005,0.0133031525436589,0.000695507024621,0.0103820230402509,0.0047673845142199,0.0058549045890818,0.0378861644684429,3.793674679749941e-05,0.007751741928957,0.0022635592255844,0.0015806977832294,0.026277519948406,0.0027946736807496,0.0040339407428015,0.0001770381517217,0.0037430923506873
201006,0.0152473582215072,-1.2188136068399982e-05,0.0097505088546809,0.0050215120601607,0.0048752544273404,0.0394651845893207,-0.0006459712116226,0.0083001206625471,0.0024741916218752,0.0018647848184577,0.0273379892013114,0.0042049069435811,0.0056796714078516,-0.000316891537777,0.0032664204663179
201007,0.0151130455809454,7.25426187886001e-05,0.0099987909563535,0.0059605851771249,0.0063353887075322,0.032704630637166,-0.0002418087292951,0.0049812598234795,0.0018135654697135,0.0022246403095152,0.0257889009793253,0.0039052109781163,0.0045580945472132,-0.0004594365856607,0.0028291621327529
201008,0.0137163993167485,0.0004880366798093,0.0090158355059527,0.0028896908672926,0.0040969394962948,0.0334561987079871,0.0015925407446411,0.0081425067105043,0.0013613654752577,0.0029282200788565,0.0308233692511205,0.0044437024003698,0.0046235053876681,-0.0003339198335538,0.001669599167769
201009,0.0144502390265102,0.0003531073446328,0.0092894393741852,0.0028384398087788,0.0050249891351587,0.0304758800521512,-0.0001629726205998,0.0092622772707517,0.0016297262059974,0.0040471534115601,0.0301635158626684,0.0039656671012604,0.0049570838765754,2.7162103433299965e-05,0.0018470230334636
201010,0.0106639862280914,0.0002541795200628,0.0087114253694268,0.0010744861529929,0.0035469596663316,0.0298892008364816,-0.0006932168728986,0.0039744434046191,0.0009473963929614,0.0020565433895994,0.0238119995840698,0.0050951440158053,0.005973218721477,0.000150196989128,0.0022067403787275
201011,0.0119755127574959,0.000156396621833,0.0103110058537022,0.0026364001966128,0.0037088341748961,0.0304079717592385,-0.0001899101836542,0.0086576701371822,0.0006814424237008,0.0034295544930515,0.0227333661021493,0.0056861343223557,0.0058425309441887,0.0002234237454756,0.0033178426203137
201012,0.0137484526143969,0.0002081439041223,0.0111411763417066,0.0024867719071458,0.0051050031221585,0.0343546991225091,-0.0001424142501889,0.0078656485873602,0.0014898721558231,0.0035822661393688,0.0251635025141592,0.0065401005663704,0.0077889639911045,0.0004491526352113,0.0042614725633469
201101,0.0197249447433635,0.0004800071442924,0.0122122747873457,0.0033823759237346,0.006240092875801,0.0302739389609519,0.0006697774106404,0.0111852827576969,0.0008260588064567,0.003728427585899,0.025250608381148,0.0106382978723405,0.0094996762742515,0.0007367551517045,0.0035609832332388
201102,0.0149885450238807,0.00038830427523,0.0098111546874797,0.0046078773993968,0.0034817950012296,0.0327211069260539,0.0002847564685021,0.006238755355363,0.0016049910042843,0.0032617559119326,0.0234276912722142,0.0100311937767768,0.0056433554666769,0.0008413259296651,0.0031452646293636
201103,0.0128123666366351,0.0001232870216701,0.0072644506614822,0.0036891270330504,0.0032908151168855,0.0312674854189387,-0.0001517378728246,0.0066669827872349,0.0004457300014225,0.0013751244724738,0.0237564607141163,0.0084688700270283,0.0048650955474417,0.0005026317037318,0.0018113708568448
201104,0.0165905695709807,0.0001788457087549,0.0139920466261283,0.003618995518337,0.0041555326446021,0.0350642792517937,0.0005260167904559,0.0065857302165085,0.0013150419761399,0.0017989774233593,0.0243756180697287,0.0081532602520672,0.0073957960738106,0.0002840490668462,0.0041344919729838
201105,0.0132692898188357,0.0005263850506645,0.0087511514672984,0.0015023906654384,0.0031692766592095,0.0386564021581787,0.0013049962714392,0.0050335570469799,0.0039259551695398,0.0015133570206607,0.0222836338114664,0.0061411589244198,0.0056696056498663,-0.000186428038777,0.0032021757248761
201106,0.0149059126418493,0.0001767936265896,0.0072816874951657,0.0018342338758687,0.0034474757185004,0.0370051159655694,0.0006408768963879,0.0060330825073755,0.0024640611705948,0.001027612954553,0.0256903238638247,0.0069612490469719,0.0028949956354073,-0.0002541408382227,0.0024530115689329
201107,0.0127696462507918,0.0001444781560141,0.0091688060547461,0.0003222974249546,0.0040676157770146,0.0286955845252781,0.0007112770757621,0.0083241645272786,0.0022671956789918,0.002411673835006,0.0254392691628046,0.0066126540637259,0.0052012136165104,8.890963447030005e-05,0.0026895164427255
201108,0.0071717444055001,3.23537341601e-05,0.0046050148287948,-0.0026637907791858,0.0021677001887301,0.0280938258290644,0.0001401995146939,0.0073119439201942,0.0023510380156376,0.0028147748719331,0.0279536263143704,0.0065138851442438,0.0012725802102992,0.0003019681854947,-0.0007441358856834
201109,0.0084894916658039,2.3006752481899995e-05,0.0054526003381992,-0.0008627532180694,0.003589053387169,0.0276081029782241,0.0003566046634687,0.0065454210810872,0.0023466887531489,0.0009662836042379,0.0303228997710828,0.0053490699520309,0.0020591043471259,1.1503376240900036e-05,0.0009202700992741
201110,0.0105715118495101,-0.0001793681756015,0.0083742516983924,0.0012892087621354,0.0025447859913455,0.0277235936413981,0.0005156835048541,0.0061657810362997,0.0019954709535661,0.0022421021950181,0.0251900181610277,0.0027017331449968,0.0028026277437725,-0.0002242102195017,0.0008071567902064
201111,0.0082841722103677,-8.367850717539999e-05,0.0053554244592276,0.0008158654449603,0.0028869084975524,0.0269967783774737,-0.0003870130956864,0.0068302581481947,0.0022697795071336,0.0045395590142672,0.0238797539851889,0.0027195514832015,0.0043408225597255,9.413832057240002e-05,0.0013074766746161
201112,0.0074027492773768,-8.825930584060001e-05,0.0043467708126475,0.0016107323315901,0.0036075991262329,0.0319498687142825,-0.0005295558350434,0.0097085236424614,0.0017100240506609,0.0021954502327839,0.0254848745614615,0.0034090156880916,0.0029346219191986,0.0004302641159728,0.0017320888771209
201201,0.0097892638473586,-0.0002373154872087,0.0065973705444017,0.0035122692106887,0.0033461483696425,0.0242061796952869,8.306042052300035e-05,0.0134795196734538,0.0023494233233661,0.0010204565949973,0.0263776164032464,0.0036190611799326,0.0050310883288244,0.0002135839384878,0.0015781479899378
201202,0.0082725006427956,-0.0001788648787631,0.0060366896582563,0.0039462063877119,0.0033984326964998,0.0254211708942126,-0.0006707432953617,0.0085743351257084,0.0023252434239209,0.0024034968083797,0.0271874615719987,0.0027947637306742,0.0060031524934882,0.000111790549227,0.0015427095793321
201203,0.0118991628256984,5.879033016649999e-05,0.0092535979682062,0.0034333552817232,0.003503903677923,0.0267378421597215,-0.0021282099520271,0.0115581789107328,0.0020576615558272,0.003233468159157,0.0229635029630326,0.0023633712726929,0.0061259524033487,0.0001528548584329,0.0023516132066598
201204,0.0109548931014463,-0.0001135876012823,0.0102102632708179,0.0031047277683823,0.0039755660448797,0.0269581240376606,-0.0006941464522805,0.008026857157281,0.0028901734104046,0.0017542973975817,0.0257970063356639,0.0026503773632532,0.0054395840169623,1.2620844586900008e-05,0.0017038140192341
201205,0.0078238490134401,-0.0001372605090077,0.0058907635115814,0.0020245925078638,0.0026422647983986,0.0258164140692021,-0.0003545896482699,0.0060852158993422,0.0022190448956248,0.0017386331140978,0.0274292250500428,0.0014869888475837,0.0035573348584501,0.0002630826422648,0.0015098655990848
201206,0.0068506088730497,6.296515508319998e-05,0.0046720145071716,0.0023423037690942,0.0031230716921256,0.0275661448954148,0.0024934201412938,0.0037023511188907,0.002002291931645,0.0004785351786321,0.0329307761085015,0.0010326285433641,0.0026319434824767,-5.037212406650002e-05,0.0003022327443992
201207,0.0080215416294252,-6.788328600360001e-05,0.005905845882313,0.0026700759161414,0.0020138708181066,0.0256033127043569,0.0003054747870161,0.0052609546652788,0.0024890538201319,-0.0003959858350209,0.0302193761526016,0.0022740900811205,0.0035186169911864,-0.0001583943340083,0.0005204385260276
201208,0.0074209893826579,-0.0001238896391094,0.0046086945748727,0.001672510127978,0.0026884051686757,0.0255584325482859,0.0012636743189167,0.0076935465886988,0.0028866285912509,0.0024530148543678,0.0239230893120408,0.0030724630499151,0.0051661979508653,-8.672274737660008e-05,-3.716689173290013e-05
201209,0.0057328655771369,-7.33415638866e-05,0.0020413401948441,0.0013445953379213,0.0028358738036157,0.0274052977056314,-0.000232248285641,0.0087031989145447,0.002628072705937,0.0009167695485827,0.0349961495678959,0.0030192277133322,0.0052316982239118,-3.667078194329997e-05,0.0002566954736031
201210,0.0074395128106654,-0.0002084819224227,0.0024030284742415,0.001777582706973,0.0019750918966368,0.0274428046304932,0.0004279365776045,0.0077577220606793,0.0023262193449278,0.0030833379053053,0.0285510506391616,0.0020738464914687,0.0036978109398146,0.0001536182586272,-0.0003621001810501
201211,0.0074177560456374,6.652696005059997e-05,0.002383882735145,0.0027941323221235,0.0021288627216179,0.0287729102218674,-3.3263480025200534e-05,0.0063422368581534,0.002383882735145,0.0024614975218707,0.026954506647152,0.0014081539877368,0.0035370167093548,-4.435130670039998e-05,0.002250828815044
201212,0.0091686053021161,-3.732132416059999e-05,0.0067676001144519,0.0035952875608026,0.0023885647462772,0.0254655835189032,-0.0006717838348904,0.0056230795068609,0.0015177338491969,0.0018038640010947,0.0308647350808006,0.0019282684149634,0.0045283206648172,4.976176554739994e-05,0.0024632073945983
201301,0.0122683402057183,-6.796864379900002e-05,0.0021863247088676,0.0031265576147536,0.0043499932031356,0.0242761339435407,0.0008382799401876,0.0079863156463818,0.0018804658117722,0.002095699850469,0.0324663555213195,0.0023675744256649,0.004599211563732,0.0001132810729982,0.0021523403869681
201302,0.0080165248610633,-0.0003688585058771,0.0036885850587713,0.0018934736635027,0.0035287463728913,0.0242831849702454,-0.0008852604141051,0.0078689814587123,0.0017336349776225,0.000368858505877,0.0296685191560517,0.0013033000540993,0.0048689322775783,0.0002827915211725,0.0021393793340874
201303,0.0085272873194222,0.0001783484929552,0.0047596754057429,0.0027644016408061,0.003890226502586,0.0260946138755127,-2.229356161939991e-05,0.0092852684144819,0.0021847690387015,0.0020621544497948,0.0335852505796326,0.0017166042446941,0.0058074728018547,0.0004793115748172,0.0028870162297129
201304,0.0101258498481123,-1.033249984500002e-05,0.0022628174660578,0.0028827674567584,0.0047426174288607,0.0262445496063317,0.0004442974933356,0.0059928499101072,0.000805934987911,0.0001239899981401,0.0361224194581637,0.0014878799776818,0.0034407224483892,0.0004132999938005,0.0021078299683825
201305,0.0111336777968365,4.2093299799000016e-05,0.0044724131036441,0.003293800709272,0.0041251433803024,0.0275816346932976,-0.0001999431740453,0.0085449398591979,0.0013048922937692,0.0014522188430656,0.0376419333452597,0.0008944826207289,0.0042514232796994,0.0005893061971861,0.0023256548138949
201306,0.0098665186110533,0.0002544705855136,0.0042912994193443,0.0030999144053485,0.0045689036944502,0.0277141601313993,-0.0007055775325607,0.008015823443681,0.0017234598746154,0.0012029518587918,0.0324334328081985,0.0008096791357253,0.0020010641497213,0.0003123048094941,0.0014689892891017
201307,0.0107002559214753,0.0002843571947636,0.0054238501964171,0.0048340723109815,0.0042548261735,0.0214426388347674,0.0001790397152214,0.0087202873060842,0.001674547924719,0.0018325241440321,0.0347758317447946,0.0015060399574518,0.0031595243862624,0.0002211667070384,0.0017377384124443
201308,0.0118150990540782,0.0002974596942115,0.0054018680468796,0.0034743292283896,0.0039978582902017,0.0237610803736093,-0.0015824855732049,0.0084002617645309,0.0017609613897316,0.0023796775536913,0.032649176036647,0.0020108275328692,0.0040454518412755,0.0003093580819798,0.0013088226545303
201309,0.0126860539372206,0.0005280738812202,0.0075772461561134,0.0043842412929213,0.0055017929950385,0.0253721078744412,-0.0014368521884364,0.007945669794174,0.0012035172176647,0.0025912462543597,0.0343125214913788,0.0017561526747556,0.0057228471778749,0.0003070196983837,0.002849142801002
201310,0.0108698992920735,0.0004097982767982,0.0043745966048213,0.0041082277249023,0.0038930836295833,0.0275281992439221,-0.0003380835783586,0.0062084438934934,0.0015777233656732,0.0008913112520362,0.0285526949359177,0.0013625792703541,0.0050917435892181,0.0003073487075987,0.0022538905223904
201311,0.0114639744039072,0.0001582797254978,0.00668166555494,0.0027812008908888,0.0033917084035228,0.0286147132310544,-0.0003278651456739,0.0074730641824286,0.0015827972549774,0.0021706933782546,0.024793388429752,0.0018541339272592,0.0051553967733546,0.0003504765350307,0.0031995115939899
201312,0.0111919989114165,0.0002948246927018,0.0046151403819114,0.002676101056833,0.0050120197759332,0.0271578899623531,-0.0014514446409942,0.010092076019413,0.0021885063727491,0.0025853857667709,0.0286206740146051,0.0019390393250781,0.0041842427541162,0.0004195582165373,0.0033564657322992
201401,0.0112231546652228,0.0004173434398123,0.0049630030680381,0.0032710702039343,0.0051547554593034,0.0244540696625157,-0.0009249232990435,0.0072189135535102,0.0022220718281899,0.0029778018408229,0.0250631654935932,0.0020979967514888,0.0049517235156108,0.0008121277747699,0.0037786500631655
201402,0.0099336644554819,0.0001000033334443,0.0043890351900619,0.0025556407435804,0.0036890118559507,0.0277453692900874,-0.0001777837039013,0.0057224129693211,0.0023222996322098,0.0007778037045678,0.0280787137349022,0.0016444992610864,0.0040001333377779,0.0006666888896295,0.0026778670400125
201403,0.0109180594126906,0.0001403607270686,0.0071985001453735,0.0019851017113983,0.0035390954753717,0.0270695687917949,-3.0077298657500088e-05,0.0072586547426886,0.0019851017113983,0.0016241741275076,0.0283227895691928,0.0018146636856722,0.004321105240468,0.0003408760514521,0.0020352305424941
201404,0.0153645833333332,0.0002387152777776,0.0077256944444444,0.0030164930555555,0.0046983506944444,0.0336805555555555,0.0007269965277777,0.0092556423611111,0.0025282118055556,0.0020290798611111,0.0238498263888888,0.0021158854166666,0.0056749131944445,0.0002495659722222,0.0027994791666666
201405,0.0111856008161481,0.0003036265150963,0.0062182710291724,0.0022346911511088,0.0047001384536909,0.0323908766304743,0.0003522067575117,0.0064854623624571,0.0023197065753358,0.0011416356967621,0.0232456459957735,0.0018339041511816,0.0055624377565644,0.0003157715757001,0.0023197065753358
201406,0.011557795090689,7.33828259726e-05,0.0055648643029242,0.0019324144172792,0.0045741961522938,0.0317258417621662,-9.784376796349989e-05,0.0064576886855912,0.0016511135843841,0.0015410393454251,0.0217090860169025,0.0018468011203111,0.0047576532172254,0.0001467656519451,0.0023115590181377
201407,0.0105200833148307,0.0001163024286062,0.005170171598947,0.0019454224421395,0.0047578266247978,0.0303760797623201,-1.0572948055100062e-05,0.0097059663145875,0.0021251625590764,0.0012158890263372,0.0253645023841997,0.0022520379357376,0.0061851746122371,0.0005815121430308,0.0024952157410051
201408,0.0098581656418282,0.0002464541410457,0.0057793496075218,0.002119505612993,0.0034257125605352,0.0318911658513142,6.161353526139973e-05,0.0065433574447635,0.0013185296545944,0.0016635654520584,0.0280218358368966,0.0015280156744833,0.0061613535261426,0.0007393624231371,0.001552661088588
201409,0.0098752973401572,4.80549748913e-05,0.0033998894735577,0.0009731132415484,0.0036281506042913,0.0394291068982916,-4.805497489119995e-05,0.0066315865349961,0.0012734568346188,0.0020303226891563,0.0304308128499002,0.0015978279151348,0.004180782815541,0.0008169345731517,0.0015497729402436
201410,0.0076139509897104,6.198603248069997e-05,0.002107525104343,0.0008987974709699,0.003491879829745,0.0334827885449812,0.0002169511136824,0.0071697177569321,0.0018595809744204,0.0001136410595479,0.0249390470680606,0.0012913756766808,0.0025414273317079,0.0004442332327783,0.0017872639365263
201411,0.0076661265943911,2.1747876863600007e-05,0.0032513075910963,0.0015875950110369,0.0034470384828681,0.0313495644987658,0.0003370920913846,0.0063286321672847,0.0019573089177169,0.001402738057697,0.0245533529789154,0.0015332253188782,0.0044474408185901,0.0004567054141339,0.0024248882702825
201412,0.0066048184691047,1.0161259183299998e-05,0.0030687002733379,0.0037901496753476,0.0044201477447084,0.0321400627965817,-0.0005385467367116,0.007732718238444,0.0019916067999147,0.0026825724243748,0.0260229847682724,0.0009145133264913,0.0032617641978194,0.0002946765163138,0.0020220905774644
201501,0.0071807478328373,0.0001725104584466,0.0051214042351316,0.0055311165739423,0.005315478500884,0.0349549316427308,-9.703713287619996e-05,0.0089813257428732,0.0021455988269289,0.0006253504118686,0.0332513908655712,0.0010350627506793,0.0045607452451805,0.0007870789666623,0.0020269978867469
201502,0.008845272680035,8.266609981339999e-05,0.003731783934434,0.0038144500342473,0.0039207350197217,0.0281300928222206,0.0011337065117267,0.0067195729705473,0.0026925529653511,0.0001299038711354,0.0265240085972743,0.0005786626986938,0.0052315831739059,0.0007085665698293,0.0024445546659109
201503,0.0092629958799845,5.631000534939997e-05,0.0047957354555947,0.0042514054038835,0.0042138654003172,0.0359820934182988,0.0005067900481449,0.0082024907792367,0.0024776402353758,-0.0003660150347715,0.0258275224536146,0.00119189511323,0.0073953807025611,0.0009385000891575,0.0022899402175443
201504,0.0101890091339343,-6.02899948753e-05,0.0052050362242386,0.0054863895336568,0.0029542097488921,0.0362845285824817,0.0007938182658588,0.0059787578251389,0.0012660898923824,0.001205799897507,0.0252916528502095,0.0015574915342799,0.0088525809141973,0.0006129482812327,0.0013163315547785
201505,0.0098264420622766,1.1601466425399985e-05,0.0046985939022693,0.0033760267297786,0.0036312589911365,0.0379367952109146,0.0010093275790059,0.0087707086175692,0.0027843519420853,0.0032252076662489,0.027947932618683,0.0014733862360203,0.0063460021346697,0.0006148777205438,0.0
201506,0.0074587871274449,-2.049117342700001e-05,0.0024691863979591,0.003370798028749,0.0040162699917011,0.0375603208917758,0.00090161163079,0.0074587871274447,0.0016905218077313,0.0023462393573968,0.0352345727078061,0.0017929776748665,0.0039445508847065,0.0007274366566602,-0.0007786645902277
201507,0.0068879931504872,6.734071515839999e-05,0.0032900749405959,0.0017508585941182,0.0032900749405958,0.0335645364553771,0.0007599880710732,0.0063492674292201,0.0019432606374279,0.0008465689905626,0.0280810782210507,0.001866299820104,0.0034151362687472,0.0006830272537494,0.0001250613281513
201508,0.0070924261874197,-1.0697475395799992e-05,0.0044929396662387,0.0019148480958493,0.002770646127514,0.0348844672657252,0.0014334617030381,0.0121844244758237,0.00232135216089,0.0013585793752673,0.0232563115104835,0.0010269576379974,0.0017329910141207,0.0001497646555413,-0.0002888318356867
201509,0.0054497029297275,8.19504199958097e-05,0.0038414259373079,0.001280475312436,0.0034931366523254,0.0360274533906986,0.0002765826674862,0.0113501331694324,0.0021307109198935,0.0018746158574063,0.0279963122311001,0.0013009629174348,0.0025814382298709,0.000419995902479,-0.0007682851874616
201510,0.009394613099337,0.0002262576976804,0.0063548901174571,0.0034627265036299,0.0038857300253803,0.0428610777736242,0.0003836543569363,0.0075353650618765,0.0027150923721643,0.003305329844374,0.0244358313494796,0.0009542172467389,0.0037676825309383,0.0005115391425817,-0.0002360949888839
201511,0.007944477259303,-7.87556605631e-05,0.0058082299665287,0.0013979129749951,0.0030911596771018,0.0396140972632408,4.922228785200029e-05,0.009519590470565,0.0025694034258712,0.0029336483559755,0.0263634573734987,0.0010139791297499,0.0028548926954124,0.0005611340815121,-0.000561134081512
201512,0.0072975517890771,-0.0001569365976146,0.0043059478970496,0.0004217671060891,0.0037272441933459,0.0395970652856246,0.0013241525423727,0.0084157250470809,0.0021676867545511,0.001314344005022,0.0297002510985561,0.0027463904582548,0.0023246233521657,0.0002354048964219,0.0007748744507219
201601,0.0062605946524953,-6.23979533471e-05,0.0037022785652631,-0.0010815645246836,0.0044510540054286,0.0342980750231392,0.0010711648657924,0.0068533752092932,0.0020071341659994,0.0014039539503103,0.0269247168692866,0.0015495491747869,0.001819940305958,0.0008007737346215,-0.0004055866967563
201602,0.0040315531859102,-0.0001201818022899,0.0029062144917402,5.462809195000027e-05,0.0052115199720304,0.0330499956297526,0.0011362643125601,0.0061401975351805,0.0021304955860502,0.0010270081286601,0.0312909710689625,0.0007101651953501,0.0017153220872302,0.00014203303907,-0.0021414212044402
201603,0.0062832988877002,0.0,0.0034791820287266,4.154247198480008e-05,0.0038946067485746,0.0323719712941518,0.0017136269693727,0.0088070040607766,0.0015266858454412,4.154247198479965e-05,0.0284358220735924,0.0017343982053652,0.003707665624643,0.0001973267419278,-0.0004050391018517
201604,0.0078698251653228,-0.0006001449406648,0.0054352749343237,0.0001245583839115,0.0037593984962406,0.0336307636561282,0.0012116133707763,0.0066582117945465,0.0022646978893016,0.0011663194129903,0.0358501675876438,0.0014947006069391,0.003057342150557,0.0003849986411813,-0.0002038228100371
201605,0.0087626757379379,-0.0005167179796326,0.0038538549314272,0.0007104872219949,0.0036816156048829,0.0356750705104743,0.0012917949490817,0.0072017568411308,0.0023037009925291,0.0020561069606218,0.0345985747195728,0.001507094107262,0.002217581329257,0.0001507094107261,0.0005920726849958
201606,0.0039145222357698,-0.0003743395580653,0.0043958159532823,0.0014545765684827,0.0026096814905132,0.0377762091167725,0.0007807653639649,0.0029519348007444,0.0024171640035081,0.00156153072793,0.0389740957025818,0.0018716977903271,0.0022353419324477,0.0007379837001861,-0.0002459945667287
201607,0.0088682051744343,-0.0004620030649959,0.0044622735058145,0.0039101235013071,0.0043270530965474,0.0346614982421346,0.0007887857207247,0.0073582439376182,0.0023888938970522,0.0021973316505905,0.0354164788605426,0.0022198683854683,0.0035720724781394,0.0002929775534119,0.0013747408275489
201608,0.0062455823223369,-0.0004171446449056,0.0021900093857545,0.0029315998655868,0.0030011239730709,0.0378906385789272,0.0004171446449056,0.0079257482532068,0.0016454038771277,0.0015295303646539,0.028759805795993,0.0020973105757755,0.0035109674279555,0.0002665090786897,0.0019466750095596
201609,0.0050697679877012,-0.0001290913145015,0.0024057926793488,0.0033681097510884,0.0028869512152186,0.0351128375444484,0.0012322352747884,0.006020349485395,0.0007862834610554,-4.694229618239969e-05,0.034443909823849,0.0017838072549318,0.0030395136778115,0.0002699182030488,0.001572566922111
201610,0.0063188521677328,-0.00016657782516,0.0014214641080313,0.0040756041222458,0.0029206645344705,0.0419554015636105,0.0006107853589196,0.0052749644633973,0.0011660447761193,0.0006663113006396,0.0270300284292821,0.0023876154939588,0.0022210376687988,0.0005219438521677,0.0014992004264392
201611,0.007364491087486,0.0,0.0020260887381337,0.002697657477178,0.002105766385139,0.0377444396384911,0.0010585744530698,0.0042229152912787,0.0015594053771029,0.0012634598310834,0.0253830218316752,0.0035171989892321,0.0024586245361622,-0.0001479727730098,0.0024813895781636
201612,0.0059200234099785,-0.0001350575682884,0.0043893709693757,0.0062464125333423,0.0034327131939989,0.0347998334289991,0.0011029701410225,0.0041192558327987,0.0015193976432454,0.0013393208855275,0.0290486319793812,0.0039841982645103,0.0040854914407265,-0.0003151343260063,0.0024648006212648
201701,0.0113884463326842,-4.720599516139999e-05,0.0046615920221868,0.0114002478314746,0.0048976219979937,0.0333038295863574,0.0016404083318582,0.0063374048504159,0.0017584233197615,0.0012037528766153,0.0296217619637693,0.0044019590487992,0.0046261875258158,-0.000578273440727,0.003646663126217
201702,0.0097129336516958,-7.562907181520002e-05,0.0041812072560692,0.0045269401557959,0.0050671478116187,0.0309322903724191,0.001274890067742,0.0044945276964465,0.0019555517140789,0.0006698574932202,0.0238663742342556,0.0037490411314109,0.0034465248441501,0.0001296498373975,0.0041812072560693
201703,0.0091465531779808,0.0001289644157415,0.0047518427030942,0.0061803716159241,0.0041367816434035,0.031278830987173,0.0007936271737944,0.0067359106375801,0.0015277323095543,0.0005257780026388,0.033768836244953,0.0020336696328483,0.0050196918742498,0.0003174508695177,0.0041467019830758
201704,0.013024934383202,0.0002405949256343,0.0040354330708661,0.010411198600175,0.0072834645669291,0.0288932633420822,0.0008858267716534,0.0059055118110236,0.002001312335958,0.0018919510061242,0.0266513560804899,0.0024496937882765,0.0053915135608049,0.0003280839895012,0.0053805774278215
201705,0.0130117498601207,0.0001904739229294,0.0042737586457304,0.0083332341281651,0.004345186366829,0.0342257830263925,0.00115474815776,0.0096189331079391,0.0021428316329568,0.0021071177724074,0.0266782538303115,0.0017618837870977,0.0088808466565874,0.0004285663265913,0.0057975500291663
201706,0.0114827041768336,0.0007507921961776,0.0029148402910424,0.0068564993209747,0.0050126420156562,0.0419781166156937,0.0012586810347683,0.0095063541310132,0.0028927581676253,5.520530854249972e-05,0.029645250687306,0.0017224056265249,0.0074306345298163,0.0007397511344691,0.0042176855726446
201707,0.0123872329200738,0.0002321287259299,0.0040939066209443,0.0097177525718808,0.0056660511738328,0.0321287259298338,0.0014138749670272,0.0114376154049064,0.0020469533104721,0.0010234766552361,0.0335320495911369,0.0025112107623319,0.0057926668425218,0.0004009496175151,0.0033553152202585
201708,0.0092920974053273,0.0001401360397555,0.0033848243448639,0.0061228669677795,0.0041286233251048,0.0374702210915519,0.0004096284239008,0.0093891146636196,0.0013043431392629,0.0011965461856048,0.0327594942166934,0.0016600730863345,0.0037189949012041,-0.0001185766490237,0.0021128202916985
201709,0.0077443931640033,0.0001151193578432,0.002836122361412,0.0068966960744298,0.0047617552562453,0.0380417150691239,0.0010674704090923,0.0101409688863772,0.001245382143941,4.186158467029983e-05,0.0297949828890772,0.0014965516519628,0.0040187121283476,-5.23269808379e-05,0.0025640220610551
201710,0.0139972464433225,1.2077002971000006e-05,0.0061955025240935,0.0109055336827612,0.004830801188377,0.0344677664790705,6.0385014854699975e-05,0.0081882080142992,0.0012077002970941,0.0016545494070192,0.0303857394748919,0.0018840124634671,0.0062438105359774,0.0003140020772445,0.0050964952537377
201711,0.0100961585586998,6.861466981640004e-05,0.0035581607347651,0.0070477067997138,0.0045971828776992,0.0302982777717876,0.0005881257412835,0.0070771130867779,0.0021074505729325,0.0017545751281624,0.0308569972260069,0.0014213038747684,0.006243934953293,3.9208382752200046e-05,0.0048618394612768
201712,0.007841172690938,4.356207050520001e-05,0.0032671552878908,0.0053363536368883,0.0062293760822451,0.0320834649270879,0.001187066421267,0.0089411149711945,0.0016335776439454,0.0023414612896551,0.0345556124282587,0.0027661914770809,0.003561199263801,0.0001415767291419,0.005434368295525
201801,0.0097112738467279,0.0002518774196556,0.0028359531694574,0.0060823732450208,0.0054853304725033,0.0337422454405522,0.0009235505387378,0.0077428984560847,0.0014552917580111,0.0016885115910257,0.0314007183170856,0.0022668967769019,0.0061010308316618,0.0005597275992351,0.0046830542469332
201802,0.0076407741483492,8.757334267450002e-05,0.0026272002802347,0.0060425606445398,0.0048603205184342,0.0302237498905333,0.0007772134162361,0.0083523075575795,0.0015763201681408,0.0009961467729222,0.0351935370873106,0.0041268937735354,0.00365618705666,0.0001860933531832,0.0039079604168491
201803,0.0079220619995662,0.0002169136023689,0.0020842567879811,0.004932426697349,0.0048758405402092,0.0327633849839201,0.0009525336451859,0.0081861307328851,0.0019993775522715,0.0010468439070856,0.0353097620552092,0.0024143427046297,0.0036026520045646,0.0,0.0025369460450991
201804,0.0069824890841636,0.0002096569829449,0.0031448547441728,0.0044301432048349,0.0042478327848827,0.0290693964613547,0.0012214798136787,0.0067819476222164,0.0019689525354821,0.0007474727218033,0.0316035112986882,0.0020145301404702,0.0034000893321057,-0.0001914259409495,0.0025614614003263
201805,0.0061163985363377,4.45152731902e-05,0.0027955591563465,0.0054575724931224,0.0025284675172051,0.0283918412407296,0.0010416573926514,0.0067485154156391,0.0024839522440148,0.0010416573926514,0.0287924786994417,0.0025907888996715,0.0035701249098566,-1.7806109275999963e-05,0.0028489774841748
201806,0.0072330325537617,-0.0001227671720581,0.0026394941992511,0.0035295561966729,0.0027622613713092,0.0255253411904323,0.0013402082949686,0.0060565138215374,0.0027520307736377,-0.0008798313997502,0.0292595093405356,0.0017698933971722,0.0028134143596668,-0.000358070918503,0.0015141284553843
201807,0.0093096533944429,0.0001879833858493,0.0033657977656832,0.0036880549985676,0.0032136207390433,0.0266220280721856,0.0006982240045832,0.0078236894872529,0.0037954740761958,0.0003222572328846,0.0365851475221999,0.0024885419650529,0.0015754798052134,0.0001163706674306,0.0018708822686908
201808,0.0073866040857154,0.0001731235332589,0.0038952794983264,0.0045685376832224,0.0030777517023814,0.0263532489516408,0.0020005386065479,0.0083195475704997,0.0042415265648443,0.000663640210826,0.0388566152425653,0.0021351902435271,0.0027315046358635,0.0004712807294271,0.002317931750856
201809,0.0067146977272474,0.0001224903399663,0.0030956649555137,0.0019821164103649,0.002305045488458,0.0298987784372459,0.0019264389831074,0.0071712526307584,0.0035188134026703,0.0001670322817723,0.0278387136287206,0.0015032905359509,0.0029397681591929,0.0006569936416378,0.001848490584947
201810,0.0075512221729792,0.000349435789043,-0.0002471618995669,0.0015681996386322,0.0029318514983124,0.0265059830225343,0.0015255855180171,0.0069461016602461,0.0035284491869225,-0.0001193195377219,0.0304520505914839,0.0019091126035524,0.0006136433368561,0.0002301162513211,0.001014216070637
201811,0.0037180098012523,0.000910359379254,0.0004764497685814,0.0011145521372175,0.0029437789273074,0.0265280424720936,0.0016590661584536,0.0060832425809963,0.0023397086849985,8.508031581800496e-06,0.0284763817043288,0.0013272529267628,0.0005700381159815,-0.0004594337054178,0.0004168935475089
201812,0.0073362079290933,0.0006288178224937,0.0012077294685989,-0.0017067912324829,0.0039425879346828,0.029474587774983,0.0008683674691578,0.0080149319279754,0.0031939952888569,0.0003992494111071,0.0368008144687986,0.0010979358805445,0.0013175230566535,-0.0001996247055536,-0.0014971852916517
201901,0.0070136039732239,0.0006823580220255,0.0011919671777154,-0.0044223709781905,0.0030317426041891,0.0239602677607428,0.0010192183113799,0.006858129993522,0.0025566832217663,0.0004750593824227,0.0349384582163679,0.0010192183113798,0.0015461023537032,-7.773698985100012e-05,-0.0037659252861152
201902,0.0076176739049593,0.0001239562321813,0.0006423186576667,-0.0016226997667368,0.0046877993261288,0.0219402530960886,0.0025467371339064,0.0054202679708365,0.0031327120496725,0.0004958249287251,0.0301213644200538,0.0013973247991346,0.0029749495723509,-0.0001690312257017,-0.000484556180345
201903,0.0079745564739326,0.0001501092983329,0.0011164379063505,-0.0050380433252962,0.0038277871074876,0.0264380001688729,0.001379129178433,0.0052632072727955,0.0020921483455141,-8.443648031230058e-05,0.0320858625186463,0.0007599283228099,0.0022985486307216,-0.0001313456360412,-0.0021296756700973
201904,0.007254777965149,0.0003952360876897,0.0017126897133221,-0.0045759555930298,0.0029159640247329,0.0324269252388982,0.0003425379426644,0.0072372119168072,0.0019586143901067,0.0012120573355818,0.034385539629005,0.0012296233839235,0.0029686621697583,-0.0002459246767847,-0.0015018971332209
201905,0.006247009650366,0.0001173571177091,0.001931878706905,-0.0036380706489848,0.0038818123549963,0.0306482626632843,0.001254818412429,0.0042338837081238,0.0022478401776606,-9.027470593009952e-05,0.0346835420183618,0.0014353678242894,0.0022568676482535,0.0003430438825346,-0.0023832522365559
201906,0.004674274217313,0.0005080732844905,0.0023676215057258,-0.0059342959628497,0.0039832945504059,0.0319984554572151,0.001503896922092,0.0057615510461228,0.0025606893538324,0.0014734125250226,0.036256109581246,0.0012396988141569,0.00160551157899,5.080732844909999e-05,-0.0031907002266007
201907,0.0066112069257042,0.0001690845761049,0.0026630820736532,-0.0052500760880592,0.0056474248419059,0.0311284704609245,0.00085387710933,0.0044300158939502,0.0019867437692334,-0.0002029014913259,0.0329968550268844,0.0015640323289709,0.0015386696425552,0.0007270636772513,-0.0044553785803659
201908,0.0050678785647147,-2.907004912840004e-05,0.001298462194401,-0.0058043198093004,0.0065020009883817,0.0340604075620887,0.0016957528658224,0.0044089574511381,0.0014244324072907,0.0005232608843109,0.0395546468473531,0.0007267512282095,0.0008527214410992,0.0002325603930269,-0.0051260186629714
201909,0.0071023453068315,0.0001328496244443,0.0024730468550406,-0.0010730161974349,0.0049460937100812,0.032548157988861,0.0001328496244444,0.0061213019263194,0.001256961831281,0.0020438403760667,0.035705891369884,0.0018905523478616,0.0023810740381176,0.0008379745541872,-0.002943130141536
201910,0.006722119696524,6.240694678470002e-05,0.0039138070912122,-0.0001872208403541,0.0030044487237779,0.0325140192748312,0.0002407125090266,0.0054383196483814,0.0016760722850749,-0.0001337291716814,0.0328082234525306,0.0009004430893222,0.0025854306525092,0.0007043069708559,-0.0027815667709753
201911,0.0084215072338587,1.8777050688700023e-05,0.0022720231333263,9.388525344329948e-05,0.0036896904603194,0.0352726897186259,-2.81655760328999e-05,0.0057551660360707,0.0023377428107367,0.0004412606911832,0.0310290762629913,0.0011923427187291,0.0031076018889713,0.0003849295391173,-0.000610254147381
201912,0.0083116165205717,-0.0002369106846719,0.0034746900418542,0.0053206191265893,0.0057352128247651,0.0354872463081418,0.0003158809128957,0.0068506672984285,0.0013030087656953,0.0011944247018873,0.036997551922925,0.0021420674405748,0.0034549474847982,0.001845929084735,0.0014115928295032
202001,0.0106836093602986,0.0002326922493247,0.0048966542901369,0.0060398814281234,0.0046133767692199,0.0281152939510132,-0.0003136286838723,0.0055036775492448,0.0014669728761773,0.0013860364416295,0.0331738211102455,0.001153344192305,0.0042390457594367,0.0006171403134263,0.0010724077577573
202002,0.0029779205547907,0.0002957523838662,0.0012441996838509,0.0008158686451481,0.0035796236805874,0.0253123247157207,0.0001121819387078,0.003885574422518,0.0015501504257815,-0.0010198358064351,0.045127734434756,0.0011728111774004,0.0024680026515731,2.0396716128700013e-05,-0.0010300341644995
202003,0.0016550063943429,0.0001504551267584,-0.0031177645711611,0.0003677791987429,0.001354096140826,0.026981619398681,0.000743917015639,0.0012287168685273,0.0004513653802753,-0.001897406320787,0.0628400912761102,0.0003259861079766,0.0002507585445974,0.0004764412347351,-0.0017553098121819
202004,-0.0064728626664757,-8.592295574960001e-05,-0.0062055468041434,0.0006969306410807,0.0023199198052413,0.0292233519499737,0.0018425700510765,-0.000486896749248,-0.0013365793116616,-0.0038474390185689,0.0827342593918564,0.0007542126115805,0.0007160246312472,-0.0003914267984152,-0.0021098859134087
202005,0.002166345726559,-9.25788772034e-05,-0.0017960302177455,0.0018515775440675,0.0036476077618131,0.0353743889794104,0.0001573840912457,-0.0007128573544659,-0.003675381424974,-0.0014071989334913,0.0702766256850837,0.000851725670271,0.0022033772774403,0.0002777366316101,-0.0018608354317879
202006,0.0069649508593995,0.0001077054256607,-0.0001077054256607,0.0030516537270565,0.0003679935376743,0.035704348606561,0.0001705335906296,0.0003859444419512,-0.0015617286720818,0.00022438630346,0.0562760849077772,0.0004577480590583,0.0037966162545437,0.0006013552932729,0.0006013552932728
202007,0.0124505609815157,-2.017919121800001e-05,0.0022096214383728,0.005034708208895,0.0008576156267657,0.0425680038744047,0.0006961820970214,0.0028957139397852,-0.001271289046735,0.0004540318024053,0.0526575994834127,0.0006659133101945,0.0041569133909113,0.001341916215998,0.0003127774638792
202008,0.0104831516639831,-4.633437199550003e-05,0.0031391537026955,0.0024788889017595,0.0034982450856607,0.041886272283937,-0.0003243406039686,0.0020618795537999,-0.0030580685517033,0.0013205296018719,0.0505623834400954,0.0015406178688506,0.0042975130025832,0.0011467757068887,0.001204693671883
202009,0.0101789080990012,-4.011392354289999e-05,0.003660395523286,0.0033495126158289,0.0031389145172289,0.0291126800112319,0.0008624493561714,0.0027277468009146,-0.0011131613783144,0.0004412531589714,0.0680432428095792,0.0013237594769145,0.003941192988086,0.0007120221428858,0.0029584018612861
202010,0.0138748900945723,4.28899230126e-05,0.0077630760652785,0.0046535566468657,0.0047822264159036,0.0297441616092299,0.0004503441916322,0.0034419163217602,-0.0007720186142265,0.0014368124209216,0.0417318950912483,0.0003860093071132,0.0034419163217602,0.0006755162874483,0.0023482232849392
202011,0.0116473063013585,0.0002694216760101,0.0081033750246106,0.0077925038599837,0.0046837922137135,0.035584385977638,0.0002901464203184,0.0020413873143839,-0.0010465995875776,0.0001243484658507,0.0469519082308322,0.0012745717749707,0.00567857994052,0.0012849341471249,0.0057614789177538
202012,0.0135143512491476,0.0004752753497407,0.0072324509743145,0.0113342838840329,0.0064265492943193,0.0428574380592234,0.0017151240881945,0.0024590333312669,-0.0010125431364041,-0.000578596077945,0.0558241894488872,0.0015601429958878,0.0072324509743144,0.0017874485979377,0.0045151158225364
202101,0.0163791243231024,0.0006370801179626,0.0084567247916645,0.0124847152149117,0.0059084043198142,0.0358306188925081,0.0007603859472457,0.0030004418458883,-0.0009967221200382,-0.0006473556037361,0.0481406508492689,0.00160297578068,0.0076449614155509,0.0012844357216987,0.0051891203156629
202102,0.0135615854851893,0.0002647847760266,0.0069304537029576,0.0091638557268341,0.0051114974154703,0.0351933504484072,0.0004489828810885,0.0027975087206291,-0.0025902858524342,0.0009440152884426,0.0499522236164995,0.0037415240090717,0.0054338440993287,0.0007598171833806,0.0037645487722044
202103,0.0129113706137205,0.0006503505198021,0.0059105385476143,0.0087701680390975,0.0060539982211001,0.0316854598838933,0.0013963408219282,0.0055566713530159,-0.0002199714993448,0.0002677913905067,0.043487409022657,0.0057001310265017,0.0053366998536712,0.0012433171702101,0.0049732686808405
202104,0.0167609305070575,0.0004327939802291,0.0096690109673929,0.0124526631584124,0.0070919195396646,0.0414105149264742,0.0002557418974082,0.0082821029852948,0.0013278906211577,0.0022623321693798,0.0419711798554074,0.0024787291594944,0.0057345202380367,0.0007967343726945,0.0060296070427384
202105,0.0157484617654452,0.0009617381230805,0.0084917104731096,0.0088086469000339,0.0085682123692637,0.0371580638462967,-1.0928842307700476e-05,0.0109506999923498,0.0023824876230861,0.002305985726932,0.0480104042578769,0.0089944372192654,0.0053551327307898,0.0008305920153878,0.0053442038884821
202106,0.0173172727366884,0.0003935743803793,0.0099222172737724,0.0100775755818169,0.005965759028907,0.0381352860146451,-0.0003417882776977,0.0090625679692597,0.0021025157688682,0.001885014137606,0.0497664446769065,0.009663286760365,0.0053857546788743,0.0011910803616741,0.0046711064618698
202107,0.0182363489550015,0.0011849956480248,0.0087144370222002,0.0097945657987185,0.0049497163351126,0.0386958755859436,0.0008494216592036,0.0082215627261191,0.0019085770614205,0.0010591554022169,0.0513847670382449,0.0051279900166738,0.0046036556591407,0.0017827368156126,0.0046036556591408
202108,0.0131907543703311,0.0002090278006975,0.0060067989042542,0.0035974784646357,0.0056217476924431,0.0330924012893714,-0.0004180556013949,0.0103083710133447,0.002310307270867,0.001001133150709,0.0478233605069474,0.0060728076834219,0.0028713818937919,0.0006600877916763,0.0042685677195067
202109,0.0171320991528083,0.0008785691873235,0.0049074364606213,0.0036523376215877,0.0043049890178851,0.0328333856291182,3.765296517099998e-05,0.0078820207091308,0.0018951992469406,0.0007781612802008,0.0497019140257295,0.0065641669281456,0.0038908064010041,0.0011797929086916,0.0040288672732978
202110,0.014720764519932,0.0006364044193592,0.0047573838561934,0.0048930110275323,0.003140290659461,0.0312046822672689,-0.0002816872020113,0.0069900157536176,0.0020552732887502,0.0015231974627285,0.0419296616623718,0.008909661871029,0.0023473933500955,0.0004590458106853,0.0049973396208699
202111,0.0152473873285434,-5.102873938599996e-05,0.0048069072501633,0.006041802743305,0.004939581972567,0.0318317276290006,-0.0001530862181581,0.0088585891574134,0.0024902024820379,0.002347322011757,0.0435479261920313,0.0102975996080992,0.0036638634879164,0.0011634552580012,0.0054192521227955
202112,0.0136736554238834,0.0006150399226806,0.0073145819375954,0.0107412329353878,0.0060515535249476,0.0366388068225499,-0.0004393142304861,0.0100383301666098,0.0018231540565178,0.0009994398743561,0.0511361764285949,0.0103238844164259,0.0039428452186137,0.0015815312297503,0.0051839079197373
202201,0.017027595820085,0.0003097582974227,0.0083361424159324,0.0080901578856263,0.0061040605668576,0.034966245456119,0.0003917531408579,0.0080172735803504,0.0023687399214671,0.0007926168198756,0.0419449176862877,0.0078350628171606,0.0030520302834289,0.0001184369960733,0.0055027650483313
202202,0.0160994370898687,0.0008604335341012,0.0055772679680292,0.0084903019810704,0.0049760011610669,0.0307786405150161,-8.293335268439979e-05,0.0083037019375304,0.0024569005732768,0.0016068337082612,0.0431875434104268,0.0112374692887427,0.0026538672859023,-5.183334542770016e-05,0.0049552678228958
202203,0.0151058979133674,0.0006613181114147,0.0061258940846835,0.0065087624649763,0.0043768817110736,0.0321435408363933,-0.0001044186491708,0.0067001966551226,0.0014966673047806,0.0011137989244879,0.042515793320687,0.0079967282156593,0.002958528393171,0.0006874227737073,0.004150641304537
202204,0.0196146757021944,0.0003301207691814,0.0068041558536832,0.0075836076698059,0.0038147288883183,0.0345618105290185,0.0002384205555199,0.0073543571356521,0.0015130535254148,0.0008803220511503,0.0394219218530779,0.0150755151259503,0.0018798543800607,0.0010270423930088,0.0045483305976102
202205,0.0140824140282171,0.0004370705781569,0.0046853965978426,0.0066259899648596,0.0043269987237539,0.0309795625797653,0.0004982604590989,0.0078934946415147,0.0019143691323275,0.0013374359691602,0.0470287942096889,0.0166873546740328,0.0018706620745117,0.0003496564625255,0.0047815521250372
202206,0.0141519554415083,0.0001716428798241,0.0042653255636323,0.001622025214339,0.0030552432608714,0.0290076466902961,0.0006007500793848,0.0067284008891102,0.0018108323821457,0.0011843358707873,0.0435543807554003,0.0204426669870666,-0.0001029857278944,0.0010813501428927,0.0031410647007835
202207,0.0156547815700526,0.000999601853499,0.0042694858827416,0.0046845747880081,0.0042440722762967,0.0267520563843214,0.0013892771523206,0.0063534016112226,0.0014316331630622,0.0011605546943167,0.0492515692901979,0.0164171897633993,0.0003303768837835,5.929841503809997e-05,0.0028632663261243
202208,0.0135916516978873,0.000461893764434,0.005474296467368,0.0018219142930458,0.0039859721153023,0.0302711487468993,1.7107176460500004e-05,0.0087075528184074,0.0022495937045591,0.0017791463518946,0.0486442562655033,0.011889487640065,0.0017363784107433,-0.0004105722350526,0.0021811649987169
202209,0.008982376350199,0.0003848340403201,0.0050640661214851,-0.0032623431145318,0.0042244282153321,0.0276730659902916,0.0003061179866182,0.007014475007653,0.001688022040495,0.002055363624437,0.0466961123015699,0.0112738881357414,0.0006909520269384,-0.000935846416233,0.0015743210740368
202210,0.0091489954385599,0.0004004317699084,0.0047616560465197,-0.0027682022354539,0.0041087781607995,0.0298843970890351,0.0006876980396253,0.007155541627494,0.0016452522720149,0.0003743166544797,0.0419844005710505,0.0102545353250461,-0.0002002158849541,-0.0007660433859117,0.0009836693478185
202211,0.0095140816645936,0.0001565087027076,0.0056672624980435,-0.0007743062133954,0.0036738358635574,0.0353792041120602,0.0010214252176707,0.0072076376246921,0.0011449847198083,0.0005024753086928,0.0399838548917206,0.0082290628423628,0.0019769520342013,-0.0009308149161031,0.0001070849018525
202212,0.0043836239708107,0.0002537427048973,0.0029311657289852,-0.0057048359859654,0.0049348581228289,0.034176517425124,0.0016887014498332,0.0071660439762357,0.0017674491858359,-0.0009799718258099,0.0453411964406023,0.0082772620287167,0.0011374672978151,-0.0017237004436122,-0.0013999597511572
202301,0.0095451481866041,0.0005738018470955,0.0059930415141083,-0.0025411224657084,0.0044355793577062,0.028425961345793,-0.0003734265989034,0.0083337887316246,0.0019764285844399,-0.0018215931653825,0.0502213235695939,0.0080423338251635,0.0020857241743629,-0.0011293877625371,0.0017760533362478
202302,0.0102341531372233,0.0004018646519852,0.0050634946150136,0.000133954883995,0.0044651627998357,0.03043454964368,0.000571540838379,0.0085731125756844,0.0022147207487185,0.0018396470735323,0.0505277822429405,0.0109575095107968,0.00325956884388,-0.0004822375823822,0.0004643769311828
202303,0.0111854565777626,0.0006520321669202,0.0047427577855746,0.0002095817679386,0.0051619213214518,0.0295743161424535,0.0012807774707361,0.0057208060359549,0.0014437855124662,-0.0001707703294315,0.0516036886391157,0.0048359052379917,0.0025072189275623,-0.001583506691092,0.0012885397584376
202304,0.0133337897745749,0.0003423309313113,0.0061277236704723,-0.0020026359481711,0.0051092891498211,0.0251099738116837,0.0005477294900979,0.0067781524399637,0.0018400287557982,0.0007702445954504,0.05680981805111,0.0052633380689112,0.0033377265802852,-0.000350889204594,0.0012238330794378
202305,0.0138963345171883,0.0007371172016351,0.0051430677477719,0.0053692287073645,0.0057042819808349,0.0269801648462105,0.0006617302151041,0.0052268310661395,0.0017003953628627,0.0018260403404141,0.0489596595858741,0.0054948736849158,0.0035096830396033,0.0002596662869395,0.0022448569322522
202306,0.0134755706535868,0.0002339809695478,0.0077820337279235,0.0060228434753974,0.0048009428566477,0.0285890080940083,0.0011525729240687,0.0079986827738011,0.0022964798863026,0.0016811965960102,0.0447250290309721,0.0050695876735359,0.0041856595663553,0.0004766279009307,0.0018631817945473
202307,0.0167344346664247,0.0003876384570339,0.0071919305219923,0.0055176622926753,0.0052784811170586,0.0332709262909597,-4.94857604724998e-05,0.007777512020916,0.0032990506981616,0.0033650317121248,0.0452629755787772,0.006268196326507,0.0032495649376891,0.0005443433651966,0.0027134691992379
202308,0.0123652720020367,0.0003055249087669,0.0054145803275906,0.0027242637698378,0.0041500466774167,0.042875328863617,8.486803021299887e-06,0.0084528558092167,0.0021641347704319,0.0026648561486887,0.0418653993040821,0.0067045743868284,0.0030976831027751,0.0008317066960876,0.0025545277094119
202309,0.0116764572977857,0.000533212833258,0.0046543154089472,0.0029371893357434,0.003443289652056,0.035472209670131,0.0006145503840939,0.0089200180750113,0.0012652507907818,0.0021147763217352,0.0521283325802078,0.0069227293267058,0.0030004518752824,0.0007230004518753,0.0035517397198373
202310,0.011137063741918,0.0002623472462002,0.0038928946210352,0.0049084323482618,0.0045106800717646,0.034418266138587,0.0001015537727225,0.0077942520564639,0.001328661859788,0.0025219186892793,0.0384973426762804,0.0067617887004501,0.0016333231779561,0.000338512575742,0.0031566297687959
202311,0.0103063225026541,0.000154982293273,0.0045874758808806,0.0071214363758941,0.0037273241532155,0.0300898122389517,0.0013483459514751,0.0077801111223043,0.0023169852844312,0.0004881942238099,0.0379551636225561,0.005904825373701,0.002719939246941,4.649468798189997e-05,0.0032856246173875
202312,0.0098843826753729,0.0002652951194256,0.0064783356582315,0.0119211645599952,0.004261837724966,0.0369701585780181,0.0016345602519447,0.0082754961446629,0.0022592874686567,0.0005134744246947,0.0456735500765932,0.0046383856364088,0.003568647251628,0.0003765479114427,0.0049122386629126
